Predicted,Id
-0.10407664375017917,1
0.2660041332249522,2
-4539.54016000001,3
1.71834032883724,4
1.5619167690271853,5
0.2912753633979329,6
-1.250412659905427,7
-0.631202553199222,8
4612.822719999993,9
-0.5963607500460026,10
0.4709093446298064,11
-6.470212822405277,12
-1352.8925600000018,13
0.64004373319866,14
-7307.657340000004,15
0.6611975845579594,16
-276.55096999999995,17
-1.6307671843384197,18
-2972.689499999994,19
-9106.823680000001,20
-3326.2699400000006,21
-7625.832370000003,22
-0.04920780490121743,23
-1.1911571237886895,24
-0.18392000174389336,25
1.960119994793721,26
1.0403393284201055,27
-0.5471393653951161,28
-2478.055800000004,29
1.1366068096992408,30
-25073.04371000004,31
1.3130598123159247,32
2.605663418835096,33
-0.7044605488543125,34
-0.9475745768487633,35
1.0139865392180114,36
0.6247286642072395,37
-0.9146301320142165,38
3.098790671671162,39
-2087.3058100000007,40
-1.0921857951166232,41
-7493.442159999991,42
-0.6909286804548703,43
-1973.037719999997,44
2.714216535216195,45
-6533.035569999992,46
1.1131271412489026,47
-7395.866830000011,48
2.934501084610406,49
-6553.674559999982,50
-0.04269691449662797,51
-0.31573052216088754,52
4.525027750572079,53
-1.318767298280147,54
0.08611534500118376,55
-8728.690120000003,56
193.47498000000016,57
0.5626725325274052,58
0.3271817681727853,59
-0.13563771928496052,60
-8369.97370999998,61
-6.6149309478487455,62
0.19850289000312316,63
-2083.2590699999987,64
2842.291980000003,65
2.1088489456967445,66
-0.14213952580315442,67
0.4612469963586907,68
0.34670337356457476,69
-29227.904780000004,70
-7519.9048600000115,71
-0.9731812963408544,72
2.1627607497442316,73
-0.8682476916288409,74
0.48444200592940057,75
-0.7151424496848319,76
-1.0459385994143582,77
606.5155620328529,78
0.8788919460196786,79
-9.377296996770879,80
-1.3475824647427401,81
-0.5848760094433946,82
0.14118539485117837,83
1.152828073618012,84
0.566844077666508,85
-23202.087980000077,86
0.7159273959372712,87
0.10122328345127796,88
1.3791398263630748,89
2.058637399792152,90
1542.471049999998,91
-25046.019530000012,92
-0.9703167558560836,93
-5104.349170000003,94
0.41384927789688747,95
3.4068844120224955,96
-1075.7392900000023,97
1.9999188693328227,98
0.9624528799024508,99
0.7173401894905841,100
0.5129243318322758,101
-587.8943700000002,102
-0.6991210371385741,103
0.13381153075165844,104
-0.7548038848158017,105
1.2271850149648345,106
-10819.462520000014,107
-0.17072921630087728,108
1.1157908839610373,109
-1585.3417599999998,110
-0.35514291122177827,111
-1.0900909326974684,112
-0.6682008906243022,113
-0.25790392048548694,114
0.660793915570204,115
-0.45272407654618924,116
-0.25799269292178495,117
-0.5680699087538955,118
-5029.2753699999985,119
-0.7793149087944408,120
-4640.836870000006,121
-22300.55241000004,122
0.11243453632251862,123
-9261.585479999987,124
2.275988601010691,125
-0.037257768713402924,126
-1226.1039400000004,127
-8879.94704999999,128
-2827.0431000000026,129
-0.21504948770055726,130
-12147.7546,131
2359.3796445172293,132
-2388.794559999996,133
1050.8481700000007,134
-926.3214200000021,135
-8394.207839999995,136
-0.1101886400921774,137
0.15881131400665727,138
-8454.306279999999,139
0.4927897925943212,140
1.0817402850922355,141
-1360.3050199999996,142
-0.616704293341735,143
-1615.150459999999,144
-0.2946511796382922,145
0.055913557704660645,146
-7274.520199999996,147
-1788.0863600000046,148
0.6526798736474001,149
-21224.069530000063,150
3905.6885099999954,151
1.0196873303191383,152
0.3744143488536258,153
-1003.5900199999988,154
-1.8072981719328742,155
-1.0063498811473297,156
-14147.72299000001,157
903.9874702061259,158
-0.7475165896603313,159
1.0436092612238057,160
-2237.5274699999995,161
-7955.205659999982,162
0.3853942936956693,163
1.8909010160887136,164
-11877.267919999984,165
0.28026677791242294,166
26.091650639260475,167
359.8044999999995,168
-0.5363860325919603,169
0.5050185885209588,170
1.0939886906606635,171
0.24964429101388227,172
-4807.553209999997,173
-0.4557661095811577,174
1.928182826224274,175
-1.3018080878139424,176
0.48905376240292786,177
-5269.306379999988,178
0.8669052558951836,179
-2073.2844099999948,180
1.538922155464841,181
0.7288779751608729,182
-0.23789870965662935,183
-0.02080236947197839,184
0.2218677139720934,185
-285.6183799999998,186
0.11774606605838843,187
-0.09139577747427699,188
0.6451735857599752,189
0.5436378567986258,190
-7131.371999999999,191
-0.5051163440363081,192
-2069.0210599999964,193
-0.5303612344134749,194
-710.1975700000007,195
-4978.659799999998,196
-0.9870564108609631,197
52.275230505541174,198
-3419.9168400000017,199
-2005.3395899999937,200
0.3732037736620863,201
1.0242339424733413,202
-34665.143869999985,203
0.5770620280217204,204
-10163.429720000004,205
-1.0888202464890948,206
-0.4138591553356504,207
-1.0855313667095514,208
-0.2438086029662177,209
-1.094929626620636,210
3.619963595237635,211
-0.4499738076769326,212
-26425.42870999998,213
-7529.362659999993,214
0.6969531256748882,215
-1.2675951620781947,216
0.4158188132962132,217
0.5779100989714503,218
0.45872893527076897,219
0.79935704092213955,220
1.0918991610341267,221
-13551.377819999998,222
-28377.430350000028,223
19.204232448299976,224
0.4136695440284717,225
-0.5990048296240474,226
-0.6237340615408332,227
1048.7003874373527,228
0.4386803073495058,229
0.9581573236039556,230
1.1502515520892833,231
-4363.274060000009,232
-1.2473827252517347,233
0.9617903660425253,234
-4112.493449999989,235
-9864.480719999996,236
0.6441293705328407,237
-4488.626169999996,238
0.16234748259621798,239
-0.5135421701846289,240
0.007053005224312831,241
-3316.9633799999865,242
-16776.87615000006,243
-1082.1987299999998,244
0.18750151153913255,245
-0.5385248860850833,246
1.1959860512529867,247
61.70479,248
0.5936130004292316,249
-627.5847099999991,250
-500.3174163781931,251
-0.2900519364100152,252
-4751.3616,253
-2095.762379999998,254
-2.180531093904645,255
-7989.730580000002,256
1.7074303080310742,257
2.252957553403912,258
-1.4505194608521934,259
0.2877005530153551,260
-3999.635770000002,261
-0.8397213254214012,262
0.5814267626895221,263
0.5123536697201675,264
-9880.809269999982,265
-8352.439079999998,266
-9536.042669999992,267
1.5661336869010307,268
0.0022343345623365646,269
-9327.359449999965,270
-0.38198221994008796,271
-144.5892399999997,272
1083.6079400000012,273
-0.4059753136936441,274
-0.3277238267165052,275
-6102.942240000003,276
0.735360547959117,277
0.8123430532746359,278
-0.43383659010852466,279
1542.375939999998,280
148.40972344616648,281
-7637.71011000001,282
13.537082029602338,283
-4588.499570000002,284
-8663.113890000002,285
-4124.391840000011,286
0.9826764615723521,287
-3.1752553410231936,288
0.9005251864721491,289
-0.07868091797443684,290
-0.7634291094338655,291
-1.0228412689576998,292
-0.3455867446512515,293
0.4810184604326263,294
-0.6758722871045967,295
0.5415279474014155,296
-0.14530943801292462,297
0.47099699824426194,298
-3.381439612438566,299
-0.3423700075870952,300
0.012912136221424854,301
-0.6097937825248121,302
2.1884315954625015,303
-13173.012659999984,304
0.8241294668659372,305
0.9985353368510188,306
-6915.513920000005,307
-1.389033592869486,308
-1.166422638443735,309
-1.0910316629707757,310
0.11528708606341202,311
-0.3491443644277541,312
-7076.2573199999915,313
-0.04255765421935893,314
-0.14641739253822134,315
-1.4947539814684851,316
-0.44938719532549537,317
1.0710060580506633,318
-0.8959587662924346,319
-0.9976642409581669,320
0.4892402653194546,321
-0.553910501674204,322
-2.5639383583446165,323
-1800.5212200000037,324
431.6849799999996,325
-0.4554978456928522,326
3.613803948084282e-5,327
-1918.9340499999958,328
-0.6656666308211261,329
-18851.601340000023,330
-11433.559680000022,331
0.13446453341548198,332
-7.152504913279931,333
-0.8900159121309612,334
-0.049603495828569835,335
-7654.666430000003,336
0.42174459753563803,337
-0.8506156457402996,338
-10339.852359999992,339
0.5255288876503907,340
-5774.75071,341
-545.7504500000001,342
732.4705799999986,343
-2.143218529929262,344
0.5106438675364757,345
-5341.909609999998,346
0.6160444124589681,347
0.8766244840495545,348
-5313.718160000001,349
-1.9611957354834268,350
-1.0742639505651768,351
0.20311437463616078,352
0.19762511436079686,353
0.2117331451199152,354
-644.0410500000002,355
-3033.1437100000126,356
-0.6433407100059527,357
-0.38857482473916266,358
0.22514230285319303,359
1.3590031513983976,360
-1724.3839079671493,361
-0.5704407352106537,362
0.49730305081423254,363
-2.0668459715238092,364
-1603.0846500000005,365
-9432.414649999984,366
-1.9942041887075388,367
-6610.933950000006,368
-1.1530180797925655,369
2.19417468694243,370
-0.2411647622070135,371
-0.939970600038287,372
-0.6682069279974459,373
-6818.475489999995,374
1.4508493356268204,375
0.2677904654643791,376
-12.170143435754284,377
-3754.0828600000023,378
-5926.398190000003,379
1.0344828188697033,380
-0.7971814163982088,381
-0.05942195479271431,382
-193.38217999999983,383
-4.927667310175948,384
-1.9086785347456847,385
-7162.045800000002,386
-4698.918179999994,387
0.28177581532322277,388
-0.11529125446318722,389
-0.051672422678325544,390
-0.8305172573768489,391
-4492.674239999993,392
0.6126797785602036,393
-14772.261959999983,394
-7440.229820000007,395
0.17512084554084895,396
129.26766000000046,397
-0.5126364743188611,398
-3752.976999999983,399
1.0961457783907953,400
-0.4003549005323442,401
1.4402557400502132,402
-0.17728667154232486,403
-0.01547847236738836,404
-0.6856195364587773,405
0.825678933426974,406
0.16279270507388824,407
-0.0782201626651899,408
-1.012454115758868,409
-0.013609632777484662,410
-0.020088713615383988,411
0.3650889599912129,412
-0.041478853441317756,413
-6477.760380000001,414
-2.7845832638197905,415
0.9350572796387402,416
0.18652382461299982,417
0.4279816521680128,418
0.38818252120774455,419
2.0648962738414105,420
-1.9489879271853214,421
-1.367434712186024,422
-2150.948989999998,423
0.2277184957318516,424
-0.25025015759949953,425
-0.3746366257052481,426
1.2195179850883038,427
1.8325184229444653,428
-0.0776634225344848,429
0.8253628026996495,430
0.5995656266299436,431
-0.3938828102759736,432
-0.6896485995504402,433
0.21678179969964773,434
-2918.061310000009,435
-6570.330479999996,436
-1.2373200746359376,437
0.5101925070621532,438
-20060.423420000014,439
-321.51142000000004,440
-1.4776045025143938,441
0.2756036196646296,442
1.6007506236713283,443
0.21020533537560634,444
-6870.923960000004,445
0.9061617074422436,446
0.2787091044356506,447
-0.5361670860522405,448
0.8315796365933602,449
-0.004701169995958768,450
-810.31483,451
1.6759706358780022,452
-1387.6884300000022,453
-4.073108968231601,454
-0.3968714243860689,455
-1923.5586699999972,456
0.1745992029438391,457
-0.6076254358461814,458
0.4563586425907563,459
-3890.0507700000067,460
0.3441211769127857,461
-1.4301687016781397,462
-4024.1891299999897,463
-12394.011239999989,464
0.8822569827245655,465
-0.5208488725036552,466
0.21170336797708242,467
0.4469240531307607,468
-10707.406770000012,469
-1.1253982829461042,470
-0.023685885709881928,471
0.14849104159637697,472
-9001.482260000008,473
-0.11814379741355072,474
-489.74611999999996,475
0.7319653897894955,476
-0.08060693517308876,477
1.1340718427783787,478
3.1327626485356825,479
1.0243237926282671,480
0.04634593378518734,481
-11876.828499999992,482
-0.9824451047694754,483
-0.27322007793233166,484
-5315.111810000001,485
0.5820066656063287,486
-0.03786430495192108,487
-0.07302011068469606,488
0.17678142367572344,489
0.6436837322112244,490
-0.09685218729307055,491
-0.3784624587606783,492
-7028.419239999994,493
-5303.135020000005,494
-12228.269339999964,495
-761.4157399999988,496
-0.23720908182691125,497
0.5115648063313624,498
-2.383655412134102,499
1.050493592788638,500
-10479.683469999982,501
-7282.925660000001,502
0.36151158833967306,503
981.0775000000023,504
-3.3991329038621503,505
-8230.420980000003,506
-1.0860397516966644,507
69.86892999999996,508
1.174167626698077,509
0.014672566384531717,510
-0.25789320806744176,511
-14188.60998999998,512
-1.6878140718564074,513
1.089410702648896,514
0.422037847980963,515
-0.9140956479995219,516
0.5240516420197876,517
-0.10500885090359123,518
0.8359570187797767,519
0.6081946037209561,520
-0.818276896713954,521
0.3028137165139916,522
-0.39022922584535835,523
-4803.954769999993,524
0.8165344987511063,525
33.40981999999981,526
-0.9373203810131552,527
21.773043514495015,528
-0.4621230862498611,529
0.047692170309038974,530
0.37866283680534985,531
-1511.6042700000019,532
-0.3463907420264339,533
0.718561387430739,534
-0.7718963177126659,535
737.9417400000004,536
-1.383865521991109,537
-34672.71820136953,538
-3781.98187999999,539
0.6036787587976427,540
-4490.289249999999,541
-56.38867999999963,542
0.3666188176583011,543
-1.010203615265579,544
-0.40726409742952385,545
-0.11884261567139758,546
-2171.0948100000037,547
0.35252369922183363,548
1507.7121599999973,549
-1.9991855171099961,550
-0.693909140133096,551
0.5388544788981868,552
-0.05167518650853404,553
1.0548503977174413,554
1.5212074765677175,555
-3483.202370000005,556
-0.3331684961721476,557
-0.6043576421581678,558
0.8642314931020013,559
0.18441729617897631,560
-1.8297077278036793,561
-352.9071499999999,562
1572.2811827804226,563
-5618.5597700000135,564
-14886.840100000032,565
-6549.331089999999,566
0.24370090062184088,567
-0.7065673360262357,568
-0.34983688393567025,569
-0.052385430691826586,570
-5072.036009999993,571
0.8200853718906341,572
-12428.527489999953,573
-0.020639237122632464,574
6811.043952537737,575
0.23746183428463216,576
-0.26325588017549123,577
-18041.26530999999,578
0.15094316424372559,579
0.48326374116580106,580
-2.278596050451016,581
-924.1893699999985,582
0.013877042108131392,583
-7748.645300000001,584
-4162.823569999991,585
-4286.520279999994,586
-1.620548822495537,587
0.7064406718267493,588
0.25303938967444517,589
0.9680651567243039,590
-11664.648590000008,591
0.33194468897633916,592
0.5397600473767946,593
-4052.7933600000038,594
-1.0124451792052287,595
-4862.854789999996,596
1186.1790900000012,597
0.3448558848142139,598
412.5649299999998,599
-11108.512389999989,600
-1.4805547922125641,601
-0.4245670106267574,602
0.5361840239959187,603
-0.171500985083603,604
-0.13360042050198,605
0.46090144837423574,606
-0.06210533386201289,607
-0.373538529811411,608
1.4912794860476228,609
0.9873137383424322,610
-0.9085241771749407,611
1.060360777740131,612
-760.7708900000011,613
-0.5143388039472776,614
-0.26054721937728403,615
-6054.435499999997,616
0.12446188535097641,617
-6984.12075000002,618
-18701.161529999983,619
-1033.273039999998,620
0.6070485456175875,621
1.169196853127375,622
-0.543719202338706,623
0.26124130202793744,624
-0.7146158290760963,625
1034.0854130026366,626
1373.819860000001,627
0.658759284744649,628
-5088.627829999999,629
-4586.5834200000045,630
-1.068135874525899,631
-0.4147200795100634,632
4.504980364740388,633
0.5522999065322876,634
0.2857731819578295,635
-9894.687099999986,636
0.5810314202288066,637
-7693.346090000007,638
398.55917000000017,639
0.3529925168742747,640
-22329.30085999999,641
-15404.29768000002,642
-1.0117363345142534,643
1.1276468851613968,644
0.2043924760053668,645
0.34046726247169257,646
0.35338386966387997,647
0.19902225026462278,648
-0.7582714630270901,649
-0.3339239128261625,650
-4.762619968016361,651
-0.368388538342405,652
-0.42506801660640237,653
-6256.407729999976,654
-12786.021809999995,655
-31121.572249999936,656
36.720009666317026,657
-0.15915374892442158,658
-0.5783562509752807,659
1.2552622386875336,660
-1.0122365189295304,661
1.0876387478040013,662
712.0650399999995,663
0.3445704749331843,664
-6915.427190000005,665
1.99463534089951,666
-0.91086166602027,667
-0.31356114376165295,668
-5323.442359999987,669
-8709.003029999982,670
-11662.256480000007,671
1.1708106456940965,672
1.4211585903858164,673
-3511.6099799999984,674
-0.45810556606666775,675
-0.01139192331456201,676
-0.12281042983323899,677
-7163.852789999997,678
-0.8323598064576121,679
0.24092993943942873,680
0.18889178353502528,681
-0.2523276197219,682
-0.25644810603418394,683
-10187.134169999998,684
-7226.420790000004,685
0.18768879794753848,686
0.04575720638713146,687
0.850206000445805,688
-0.42591405648617914,689
-0.42680979272122727,690
0.6185283685069296,691
-346.40347000000037,692
-30923.155659999928,693
-19596.659140000018,694
-14860.282729999995,695
298.43865999999997,696
-0.9638546378428929,697
-0.35391907584238286,698
0.28874073752501705,699
0.5919147621872687,700
-0.516556691542526,701
0.06448088040001107,702
-0.21478073235814513,703
0.5189903601535699,704
0.13892129375871243,705
-2700.5728999999933,706
-3143.66194,707
0.003088929862390074,708
1.0337989802683851,709
-19592.30621,710
0.7210733089106585,711
-18343.62219999999,712
-0.8999749663856697,713
0.04758854336342821,714
-1.036255664396629,715
-0.2570033609931088,716
0.10070984937718606,717
-0.4990759982823442,718
-2920.7688300000023,719
1.1933828927286694,720
-84.26934447740278,721
-2.002840253025103,722
0.5991357874300735,723
1.119703041682216,724
-0.9617165894360761,725
-11831.037480000017,726
1.728839664078728,727
-0.06421366230547931,728
-0.029230622687793858,729
0.024338883962501594,730
0.3192864607018147,731
1.1177241434546696,732
-0.4900007644370722,733
-21.303302598079814,734
0.26114029772257497,735
-14776.923009999982,736
0.6799103274048034,737
-0.5001610360820313,738
-1.8000116020753518,739
0.39882945441689666,740
-0.7160956147782528,741
-0.7129906161954404,742
-14882.426540000044,743
-1.398408839134407,744
0.7574116515974997,745
0.4323739269918278,746
-6215.577660000013,747
0.8156519385611305,748
-0.8314703615736276,749
-3.918581320757575,750
0.11703131993799419,751
-6998.006080000013,752
-1828.1016600000034,753
0.8622367244751526,754
0.7153440538574427,755
-1.399796356328541,756
736.7435800000009,757
0.47526928095685794,758
1.6033686146521637,759
-7.976077782328905,760
0.00165603620199947,761
-2.1969345170486614,762
-3.1376650165992777,763
1.8677356610356544,764
-0.795103566261493,765
-0.04324999717527301,766
2.0240369022739144,767
0.25159189619779077,768
-8911.116429999984,769
1.2781917679211763,770
-1.3310115771930466,771
-11788.337260000006,772
0.8318626939635763,773
-1465.6895500000023,774
-7825.456529999992,775
-0.8155098312298872,776
-5101.0883999999905,777
2.2238127999999624,778
-1.0418155220006007,779
-1.2059244211708258,780
-1.990287770652524,781
0.7663435638262586,782
-0.4212986413073058,783
-0.5926594800954068,784
222.3784200000001,785
0.9283865656440851,786
0.6880998888432897,787
-3.749240614983604,788
1.4338132654383662,789
1.6938728781874985,790
-17153.84920000004,791
-126.0678659611253,792
-2.9903354516060268,793
0.06768685917664606,794
1.5851499051044116,795
-9581.811110000017,796
-7227.924630000007,797
0.27299602710526244,798
435.526249145327,799
1.4118777717241848,800
-5881.510589999998,801
0.9278312463989644,802
204.44108999999983,803
1.2760746381256418,804
0.8332118965157582,805
-19005.542880000066,806
1.4978092599617623,807
2.2333784494612714,808
-1.302381453002034,809
0.8070656908110763,810
-9094.398780000001,811
1.5824927542384994,812
0.6795291813283973,813
-21146.76863000004,814
896.0161600000023,815
-2680.7057999999993,816
-0.06558271706766979,817
-0.14061591460155293,818
-18762.29705,819
0.997566741817968,820
0.1813381837027197,821
-21301.401130000035,822
0.19444506574148188,823
0.040079205779700866,824
0.44896986330320227,825
-34232.478379999935,826
-0.9057821393119698,827
2.3553318045801994,828
-0.5832979335854759,829
0.07883530666992551,830
-180.28855999999973,831
0.09934428572457456,832
0.03155241440950085,833
0.35113370587275294,834
-2.3580233033015747,835
0.34928947567873314,836
2680.888510000001,837
-1.2896183488757917,838
-13120.549319999996,839
1.1856330355793252,840
1.7291471783067152,841
1.513619403713148,842
0.3083378469342251,843
0.8072201599977391,844
0.21698857571555788,845
-2345.6878799999968,846
-0.3602695559671498,847
-1.508225721411677,848
0.005651355621276917,849
2.5207225667097415,850
-0.6710569110512232,851
0.741775976451748,852
-0.5432240018155304,853
0.6410234440967687,854
-18700.371610000006,855
-2839.836850000004,856
-694.4855900000005,857
-10504.21733999998,858
0.3492126495847055,859
-7089.797050000008,860
1.0425068687913295,861
0.9727669552370745,862
-0.5418580790003165,863
0.8698838378322679,864
-1.1805720824924444,865
-7789.332280000021,866
0.8259942542050825,867
1.3382299955911847e-4,868
0.4748867052793728,869
-498.6930500000001,870
0.07586381942589344,871
-1.7461124050371362,872
-0.49806641545490016,873
-0.5506835239338751,874
1.562633989624444,875
-0.38478660585211294,876
-0.3529657573064193,877
-0.4983945129337528,878
0.622591904790147,879
-0.7865944660701106,880
0.4613452222622425,881
0.031764167605808545,882
-2626.7359599999977,883
-9726.452919999996,884
-2897.4219300000004,885
1057.2162935696315,886
-12038.319859999981,887
-476.0802100000008,888
-56.97994999999998,889
0.24460078046266875,890
1.021515703226779,891
-5818.0729,892
0.7460417452303295,893
-6706.143290000002,894
0.1925072971333696,895
-1.1511061429752323,896
0.6912616554794143,897
-3563.400819999997,898
-1.4141554388948003,899
-4433.387860000005,900
-4249.771810000003,901
-0.18900518819854892,902
0.026739188825577808,903
-1.0498880241766222,904
-0.2425864049768785,905
0.7506516448962607,906
-1.4443419809638727,907
-2460.8795599999967,908
-0.03566084613168309,909
0.8865186907404689,910
0.2613530961889182,911
-8269.825529999998,912
-0.3634610461315411,913
-6.526528630562989,914
0.2393920399575534,915
-2858.7153599999947,916
1.736344872228112,917
0.6647451721248582,918
-0.39804253436430426,919
-17079.835040000016,920
420.2048271673214,921
-0.3231185059955417,922
-8168.791000000002,923
-1.425421297640744,924
-0.6305044394923954,925
-0.1344179673873273,926
1438.8043799999982,927
-7253.966490000012,928
1.5454060484564778,929
-3539.38266,930
-15242.805060000015,931
0.5884699626236813,932
0.5274252171536352,933
-22635.48981000006,934
-6632.149340000002,935
-3431.3024899999928,936
-6595.842689999995,937
0.021728689191604256,938
0.6196931582770816,939
-7648.210039999994,940
1.4250754153161025,941
-9982.05668999999,942
-7335.962770000022,943
0.5212288630348754,944
1.2808822703297742,945
2.184587582266433,946
-2804.7692399999955,947
0.011261580564491861,948
-15101.867190000012,949
-0.48673733516616663,950
-0.1547904787665878,951
-0.18816958861824995,952
-0.46355902982700303,953
-16774.516380000023,954
0.7878228700611631,955
-0.3724683239634084,956
-1.3693235270261817,957
-0.8342647227493489,958
0.837466154519799,959
0.9033130178482327,960
-0.9325337699827556,961
-0.45223848650604737,962
0.13756328132595658,963
0.6447353750663986,964
-0.041028789388170936,965
-0.8044133251636514,966
398.46275,967
0.35671812593995117,968
-19730.110390000013,969
-0.16431193892019189,970
-0.9519929587956488,971
-0.8707421714658441,972
-0.9747507118831399,973
-0.382324650064311,974
-2198.849919999999,975
-0.4367798510153245,976
2.091971800685359,977
-0.6244277834835061,978
-20539.33582000002,979
-4468.677079999995,980
-0.32924258976175247,981
-5167.800179999995,982
-0.28993483982727597,983
0.7331712180088221,984
-0.6385404557693832,985
0.28770034753633256,986
-12091.609909999954,987
-291.1611000000002,988
-1.7033819611740133,989
0.9975449835956673,990
0.09280112344009096,991
-18584.566439999948,992
-0.22030759239581146,993
-1.3521892782201408,994
-0.9761312268898493,995
-0.7749705880051649,996
0.563900564533782,997
-0.28243413845716536,998
0.05422962828144005,999
0.6783981218652515,1000
0.7022740409970099,1001
-5666.313259999987,1002
5711.757480565263,1003
-1.2071178722794433,1004
0.31261299401793735,1005
-0.7495345127122788,1006
-0.6553179637724932,1007
-2421.760700000001,1008
11.775289576311339,1009
-0.17889385912376013,1010
-0.942516959611567,1011
0.8905193729535187,1012
0.08923285957340713,1013
-5980.426229999979,1014
-0.11921688991654295,1015
-0.8976094160597624,1016
1.5888768653154908,1017
0.12697580128876215,1018
-0.3586738481992497,1019
0.6063035528211121,1020
-1.375271135460617,1021
-0.6626535312941062,1022
-0.18797163294178437,1023
1.3693746688421502,1024
-0.15940965398099782,1025
-0.674625909757737,1026
-0.715184747339831,1027
-0.6468071075666214,1028
347.7223800000004,1029
0.1047173061898285,1030
-0.40136095452368264,1031
-0.2047221801085771,1032
-21416.116010000023,1033
-0.21069412930756048,1034
1103.8126902034885,1035
-0.3272465291539856,1036
-0.01736752278500235,1037
-0.23191792871462794,1038
-13254.998739999983,1039
0.7942924767251364,1040
-17490.924009999988,1041
0.09379941000517707,1042
-0.3975060031620755,1043
-15289.635670000018,1044
706.8722100000008,1045
0.019378921244491542,1046
-7583.801050000001,1047
-0.08447858348317655,1048
1.5405540163043094,1049
-0.4877501975342949,1050
-50.78485999999993,1051
-9882.13545,1052
0.3024860424596451,1053
0.26825100486490483,1054
0.8934397711638756,1055
0.9169561433934463,1056
0.7590842649123521,1057
-1440.9463899999996,1058
1.202110611520909,1059
0.1079252479131091,1060
-0.28619255287128836,1061
598.2155399999998,1062
-2810.2065199999993,1063
0.5755285000029606,1064
-1.665816322741061,1065
0.5391815016765069,1066
-3214.2644800000044,1067
0.42569716652797296,1068
-0.6507400732123673,1069
-0.15395892809813902,1070
112.7080169142139,1071
0.25376695833948437,1072
-3.1491529025607568,1073
-5420.320349999992,1074
-0.6903256248185706,1075
-0.7335695289091732,1076
-9582.856169999988,1077
0.531296114222861,1078
-0.549390935127144,1079
-677.5207800000017,1080
0.05140630465514397,1081
-0.3002468077122779,1082
52.91608843285699,1083
1.3138973967753904,1084
0.7925298352486575,1085
-10903.041639999983,1086
-1.2211365640958534,1087
1.60426390825082,1088
1.16462354026195,1089
-1918.93646,1090
-0.22270960068064807,1091
873.2287120485762,1092
-0.9127051445219767,1093
319.4641000000003,1094
0.5139883278117316,1095
-0.7540173625601169,1096
-0.35313596591748175,1097
445.19148999999965,1098
-0.1557345868295772,1099
-0.5068538597522353,1100
-0.17875041692824165,1101
0.30966212351239875,1102
-15012.736020000018,1103
-0.7350197439495636,1104
1.190785906065527,1105
-10863.086399999982,1106
-4356.031190000001,1107
1.1552990464711097,1108
-0.774696739941247,1109
-0.5523696328738049,1110
0.013093572487739551,1111
-5654.713239999993,1112
-8965.17535000001,1113
-4070.2538700000023,1114
-0.38094632795604466,1115
1.0862992231577835,1116
0.007048228706390944,1117
-0.1759232160317024,1118
-861.8782399999994,1119
0.5675482081919604,1120
-18051.103590000006,1121
-0.07458614281100792,1122
0.355591560981795,1123
-5157.86733,1124
-2597.7368299999944,1125
0.2726015760480024,1126
-9.905714631620171,1127
-7343.166060000002,1128
0.18016320923012116,1129
1.1177293073660644,1130
-1.0336570736387096,1131
-1.1800352560819558,1132
-1.4132022046997381,1133
-0.5502135755836658,1134
-1.3637430726494248,1135
1.8935193064191287,1136
1.195901280953777,1137
-11508.168560000027,1138
-6016.615449999995,1139
-2434.4900799999955,1140
0.08347095752667806,1141
-2986.49069,1142
175.57073234651284,1143
0.6269154964778053,1144
-0.7898195092423905,1145
-0.22214351339084043,1146
0.9641429752491998,1147
0.6499934119656978,1148
0.1709740517971039,1149
-0.19072225470972629,1150
-974.5272799999998,1151
-0.2912999215470546,1152
-0.26038338742704525,1153
-0.010131410594120913,1154
2195.9555100000007,1155
0.5977271770987265,1156
1.8596600912367949,1157
0.5712862028496575,1158
0.31370380210746884,1159
0.3168207604816797,1160
-10817.97729,1161
-3362.4446600000006,1162
-0.9366483594141874,1163
-1.1290551516684764,1164
-0.6155694710191292,1165
-2424.0074999999983,1166
0.08329710674247744,1167
0.16997479976654442,1168
-4067.4350099999815,1169
0.15992514529087923,1170
-0.5078901469637024,1171
-5504.686689999998,1172
-1.0833683602200175,1173
1403.7753100000007,1174
1.5171378572912333,1175
-0.4608851917267909,1176
-23652.938320000023,1177
-6423.99954999999,1178
-14895.410920000028,1179
-4206.952790000006,1180
320.2608200000001,1181
-0.519678753554027,1182
-3095.2768400000045,1183
-1.1642780747035668,1184
-4808.5036800000025,1185
2.5934118994539976,1186
0.46729750209618504,1187
-14226.378789999997,1188
0.46247685567234637,1189
1.5287036833817789,1190
-7083.312280000018,1191
-0.46439577035643437,1192
0.5813701525350206,1193
1.1630114343822684,1194
1.2141073880197772,1195
-4505.201039999996,1196
0.5571198310794226,1197
-1.2740415358050157,1198
-2956.395349999992,1199
-1329.4666600000016,1200
-0.1157668519432639,1201
-405.14569999999986,1202
0.5527178762452493,1203
-5592.501520000002,1204
-0.8612417720288036,1205
123.90910999999983,1206
-0.05044916324220639,1207
-0.0958424827279276,1208
0.04872243619587234,1209
0.21931110970652573,1210
-2544.10981,1211
-0.4933690539467946,1212
0.19308077236195742,1213
-0.9951342182950044,1214
0.76635526668419085,1215
-18345.279329999994,1216
-2129.253039999997,1217
-859.9434499999993,1218
-0.6206962744225175,1219
0.3264380446136963,1220
-0.1830961043482362,1221
-391.4639500000006,1222
7.876469999999934,1223
-3434.2598800000032,1224
-0.043288950797961766,1225
-10771.397129999987,1226
-0.5519004521917871,1227
-16874.824210000002,1228
-394.62228000000005,1229
876.567409999999,1230
0.1867748051435745,1231
-0.17478724665324766,1232
400.24984924921245,1233
-3203.154209999996,1234
-0.4120464691197543,1235
4.288585382821976,1236
0.07214265255654306,1237
0.03904520943528447,1238
-0.1878391953100673,1239
293.2300699999994,1240
-0.9292274453098153,1241
1.3250058724223013,1242
0.19278259682445656,1243
0.4170238787108821,1244
0.608623342092073,1245
-1.6403501594281518,1246
-0.7319234116447028,1247
0.21402921938511713,1248
1.2987779751428652,1249
-2620.0042599999942,1250
-14870.849770000012,1251
-1.8466125292835784,1252
1.7847499253100487,1253
0.8466280485489581,1254
4.727308500656622,1255
-62.92791999999985,1256
1.3926675205415322,1257
-11662.348710000022,1258
-23647.488770000065,1259
-26956.069660000016,1260
-5410.473021040575,1261
0.07523858241583849,1262
-25953.48475000005,1263
0.058399052961417466,1264
0.5008443761463205,1265
-2521.636749999995,1266
-0.2061400236696481,1267
-0.23186595436942162,1268
1.0968977400958004,1269
410.5411732025146,1270
0.9413014750837061,1271
0.2960188596707823,1272
0.2101314165221088,1273
-16803.58261000002,1274
1.003455387395767,1275
-241.64043000000015,1276
0.7846040283596578,1277
-0.839084162752022,1278
-7045.780030000013,1279
2.120932085717343,1280
0.9293251913489912,1281
-13650.98706000002,1282
1.0143996843988488,1283
0.1486753040294671,1284
1.4884287502930291,1285
0.12260046507602107,1286
-7875.954900000009,1287
-1.135118183938989,1288
0.978627337848938,1289
-0.5471155475577437,1290
-1736.0310899999954,1291
1.2929044496406552,1292
0.40613538466259985,1293
0.0991663468789175,1294
0.7903127665098438,1295
0.857127252108957,1296
0.25500894780373384,1297
1.0801611618578006,1298
-4338.864450000015,1299
-2624.9463899999982,1300
-4230.956170000004,1301
-0.009787919327428885,1302
-0.04796168371960398,1303
0.1663546934310199,1304
-0.9100466515255264,1305
0.6468031872526565,1306
-0.27731113378268557,1307
-0.9130003650276396,1308
-0.36800521610547127,1309
-17.477577731772897,1310
-1.6258167279646674,1311
127.31196488654506,1312
-21009.417590000045,1313
-0.2404991174874607,1314
-2725.3751400000037,1315
0.3265407839709649,1316
-104.90526530228668,1317
-16976.36002000004,1318
1.3016328152873218,1319
-0.15415307682926435,1320
-23590.98661000001,1321
0.7425145960416011,1322
0.2587412569659906,1323
-3.521175363479436,1324
-0.1446382998384462,1325
0.45126150028576917,1326
-0.3101837598273359,1327
-2858.9915799999962,1328
-0.8131135834916258,1329
-0.1546841558458227,1330
-0.4338994358472775,1331
1.6339941057659622,1332
0.629135319875681,1333
0.7249398571166852,1334
-0.26756772161801373,1335
-0.5415535719499878,1336
-5872.594959999993,1337
-0.41745227891125974,1338
-0.43306457309000945,1339
0.6487044447352283,1340
1.0469373354776972,1341
1.3150864272109934,1342
-12295.592859999995,1343
1.7945031840411139,1344
-12578.898700000027,1345
-0.7750653436587063,1346
1.3806432072130719,1347
0.42030591970019315,1348
-7920.954379999998,1349
-15.609893395038515,1350
0.6228079203373458,1351
-16384.08766000002,1352
-2.6118308152028016,1353
18.93121483277092,1354
-260.9228489345873,1355
-0.8188508378541131,1356
407.43522000000036,1357
-14207.808880000033,1358
0.023624105515104753,1359
-12345.538960000005,1360
0.27846356573932174,1361
-2778.1534799999977,1362
-0.09542790347179414,1363
2.243396637486184,1364
-1.8367476836269832,1365
-12425.851599999938,1366
-1.0578700778779249,1367
-1.6562384095762965,1368
0.2943111111632626,1369
-1254.49755,1370
-4368.73224,1371
-5046.615759999996,1372
-0.6803107529967851,1373
-0.10917352413018369,1374
-0.1430478091060914,1375
-0.8283458233395627,1376
-1.1058911603337838,1377
-12071.313609999968,1378
438.0622400000002,1379
-1.018916407323049,1380
0.49186814839570975,1381
-3080.500269999997,1382
-1.102996423190685,1383
1.0121395145275909,1384
-1.1049056412583036,1385
-0.6598491481155471,1386
-2624.4825700000006,1387
-7465.191300000012,1388
-0.06155526313146806,1389
-0.6154096652196297,1390
-5697.242279999997,1391
-0.9879761417016626,1392
0.949518008801873,1393
1.1847286426486714,1394
-1.170953903637878,1395
-0.6180320327523029,1396
0.32484276485709285,1397
0.33393300987845226,1398
0.9821974480991656,1399
1.2181148087530198,1400
1226.6536499999988,1401
0.320831739227448,1402
-3451.174369999992,1403
-0.007340876230252461,1404
1.2688987580789526,1405
135.87625000000014,1406
0.9540901989102416,1407
-1.3131298779178373,1408
-0.8104742966052089,1409
-8898.590430000002,1410
-0.7301084426750706,1411
1.9515943275268757,1412
-2380.2971399999974,1413
0.4172726958912752,1414
0.3998660882421806,1415
-1.1543716448965906,1416
-3516.9606900000103,1417
-0.2730164546156818,1418
-2452.443939999997,1419
0.44211566929872403,1420
-2.0301796507749494,1421
-0.1138878539371706,1422
2457.381689999996,1423
-1212.7579600000017,1424
1232.9818399999995,1425
0.2777067181647154,1426
-3099.5690700000046,1427
-1.4179376718578232,1428
1291.2039900000022,1429
-3823.1779300000085,1430
-0.7196084977019538,1431
-0.7451323508218978,1432
-1.326319352625951,1433
-20.638372325389742,1434
-10708.895949999998,1435
-20737.883780000007,1436
-1.185823060406982,1437
-3576.6096600000014,1438
-4959.805479999999,1439
0.1976321081463693,1440
-8836.678789999989,1441
-1.0078569010052802,1442
0.5978740912763029,1443
1.0325191136083043,1444
0.35815648312728204,1445
0.23352030194127926,1446
-0.8313465868659414,1447
-0.06287085243890406,1448
-0.9907915006454195,1449
0.8864405944353307,1450
-0.33137423286019657,1451
-0.9905034831515064,1452
-1239.5715700000007,1453
-3160.329039999997,1454
75.43917374245389,1455
-2675.152420000002,1456
0.6261387849558832,1457
0.7513781146474906,1458
-0.11401842439130819,1459
-5164.956730000002,1460
-0.49221185143298096,1461
0.23974305172963742,1462
0.022229265077160703,1463
-3.260693031975384,1464
-89.38256755607026,1465
0.2199114456527041,1466
-3230.096820000007,1467
-3947.9594000000016,1468
-1367.11618,1469
-0.8154186474393657,1470
-7038.139639999995,1471
0.6746034021544943,1472
-1.1385961735029035,1473
1.984464071269054,1474
-0.36167324496296543,1475
-3335.7878999999944,1476
-5110.243379999996,1477
0.12690016870161125,1478
0.6621173521671776,1479
0.24127758166386443,1480
-1.6893012287454134,1481
0.7100471355516011,1482
-1839.8703099999952,1483
0.6436275467877092,1484
0.09842629324048853,1485
0.8786162283212983,1486
-8492.514939999992,1487
-0.14380278016830303,1488
1.306811882307752,1489
-7706.206250000006,1490
-0.5543569105894437,1491
-2703.3286000000007,1492
-0.4664464237362802,1493
0.1812596163145498,1494
-519.5754899999995,1495
-13251.415350000003,1496
-666.4668299999998,1497
-0.9492522252032988,1498
-10425.58750999999,1499
212.4879020329349,1500
-6274.869289999991,1501
0.15390898025054003,1502
0.055664062201484496,1503
1.5086973679055045,1504
0.630354542226811,1505
-6057.3671600000025,1506
-1.8632628530097757,1507
-842.962590000002,1508
492.85522000000026,1509
608.7272799999996,1510
27.77864236107504,1511
-0.8372013559648377,1512
-0.9389847470814877,1513
1.7030004082519072,1514
0.17702731079253103,1515
1.448360813853319,1516
23.045342760051515,1517
-0.19938068771188258,1518
1.6649555375712457,1519
-0.35963663568488907,1520
-2582.7955800000027,1521
-0.7194290718388877,1522
227.45829000000026,1523
0.8403553323173916,1524
-14288.30515000001,1525
-1256.315230000001,1526
0.2442677892487373,1527
596.3506,1528
-0.17708112586275537,1529
-0.7121228851205607,1530
387.6639699999999,1531
-0.12323800374530382,1532
-0.14036150885863016,1533
-1.4292995418971481,1534
0.08605068571063233,1535
-5863.772959999998,1536
129.62324999999996,1537
0.18074185985220384,1538
-278.90952000000095,1539
-5.160609278868935,1540
-5778.081179999991,1541
-5138.58188,1542
-0.23015214727912187,1543
0.2611566345266574,1544
-1.3806143513295717,1545
-29366.5598564359,1546
0.6421187805181302,1547
-1.8820111465227418,1548
0.0025994441240154327,1549
0.11855537393883941,1550
-8696.134099999988,1551
-0.01928173985185056,1552
-2344.7855000000022,1553
-18489.838859999974,1554
-1399.049210000003,1555
-3.752101237307684,1556
-0.5359822354217503,1557
-30163.590860000004,1558
1.261688354248224,1559
1.2683729451138253,1560
-0.03174069729490231,1561
0.15869810464972442,1562
-0.7956876909988622,1563
-0.39740232364424294,1564
2.5430114031661306,1565
-0.2759557694890484,1566
0.3599527072885187,1567
-1.2402870604100504,1568
1.1135870026439323,1569
1.1606994162471362,1570
-3976.4509300000086,1571
-13348.147300000004,1572
-4916.497650000004,1573
0.2148250866773904,1574
-1.3111565730536412,1575
-0.18821387330925377,1576
0.23734360648573866,1577
-0.4868519098195098,1578
1.774059248551455,1579
-8292.353810000017,1580
-0.004754947862677116,1581
-3.4729559082127017,1582
-0.28908446881921224,1583
-1.1103097506835973,1584
-1.3965199587440909,1585
-7228.325319999996,1586
-1.0746198162940959,1587
0.43023608972104,1588
0.6011206151362014,1589
-5947.954499999997,1590
-0.8238087003667559,1591
0.5602592357058884,1592
-12340.16130999995,1593
-20160.18647000003,1594
-1.973822206009919,1595
-9030.97480999999,1596
-0.07712582035007053,1597
-5685.908239999997,1598
-981.9342000000003,1599
0.27526764573622714,1600
-0.3775708848062918,1601
-4377.617889999992,1602
-0.7382414606398799,1603
-0.5231268783940916,1604
0.5911305626868509,1605
0.677323862826754,1606
-1.9658294897385429,1607
1.7758734629109316,1608
-0.13306278010092631,1609
0.697592339659361,1610
-12773.04207000001,1611
-0.6152862946798321,1612
-5057.006500000004,1613
-2967.1461400000053,1614
3846.5316577533313,1615
-1.1336858777652672,1616
-0.6510053613825587,1617
-17533.609110000034,1618
-0.020848683421750315,1619
-0.5578300809406163,1620
-23517.509789999982,1621
-1.292787718958925,1622
-569.9357799999993,1623
6.885563523761423,1624
-1342.0100700000007,1625
-0.1627393512937666,1626
-0.022697850313732993,1627
-1639.0671699999966,1628
-15598.481800000032,1629
-1.1521095012836917,1630
-13.101429993383247,1631
-0.7316742301944252,1632
-0.027276493975663972,1633
-1.0623920034558652,1634
-26955.27892000005,1635
0.23158701814492968,1636
1.0541705672555268,1637
-5707.96664999999,1638
-0.8696155549665696,1639
-15005.850700000035,1640
-5381.271540000009,1641
-0.27915952828124646,1642
-18.374507769187755,1643
2583.871209999999,1644
-0.32726912508676287,1645
4.970944343920215,1646
0.8249962948126558,1647
-0.9031592190153824,1648
-0.7314728139084741,1649
-0.7564460569928196,1650
-6026.873570000002,1651
-15044.581169999992,1652
-4247.36758,1653
-12905.61319000001,1654
-0.10110598050216012,1655
1.178007778017488,1656
0.09299908184992804,1657
-2.650634027214672,1658
-0.9772848530229933,1659
-1.05880549944642,1660
0.03283551592037549,1661
1.6434237688164328,1662
0.31453781086072885,1663
0.8184854800340569,1664
1.1301898458302282,1665
-11477.304049999997,1666
-15961.874249999999,1667
1.6039454715021615,1668
-1.658318602130725,1669
0.28015935337307996,1670
-1481.9678999999996,1671
-6401.600899999969,1672
-5576.129509999991,1673
-1444.1782799999999,1674
-0.5818033597020594,1675
-1.0779773440312412,1676
-207.14417000000034,1677
0.6379321666960692,1678
-13781.733860000015,1679
-0.08649176443904391,1680
0.336368193568217,1681
-0.027085024911519748,1682
0.4911043337488512,1683
0.4203773261313485,1684
-0.9328766386950014,1685
-0.48036938241937654,1686
-0.06682215297506174,1687
0.06187039820625633,1688
0.6505340780373062,1689
-0.3877032013346557,1690
1.4091715630278818,1691
-3262.7173000000016,1692
-0.24495436735944318,1693
-7210.43126,1694
-794.9557300000012,1695
1.1999952702597356,1696
2656.8902700000012,1697
0.6175155955386316,1698
-0.7443618741524275,1699
-2173.1415900000006,1700
0.18238911894828896,1701
-1.1216787023686854,1702
-5489.690750000005,1703
0.11252974885912742,1704
0.0697316474372555,1705
-34799.903749999976,1706
-0.29447269424004324,1707
-2144.0976,1708
-0.9514881978554245,1709
-0.06886435713842892,1710
-3190.099980000002,1711
-0.15567493476667157,1712
-0.9424618179692809,1713
0.06642243822248597,1714
-3677.7316600000067,1715
-0.19398489264158425,1716
-9257.290889999984,1717
-6308.762550000007,1718
0.5816869433706875,1719
-1.0657404139181976,1720
-4335.646189999997,1721
20.442219524184637,1722
-1228.1260699999991,1723
-18918.99052999997,1724
-5673.577080000005,1725
-0.7986116574493228,1726
-0.2507527610381965,1727
-1.2413452616071412,1728
0.5464939732925748,1729
-0.956711346840488,1730
-0.36286046496132357,1731
17.655550000000233,1732
-1.5381066912051329,1733
0.7013292462164173,1734
-0.16939751130973418,1735
-24345.860880000015,1736
1.3313484537666025,1737
1.0224361868831102,1738
0.6375121142161595,1739
0.5052188239779472,1740
0.37911451796287166,1741
-3410.3388399999967,1742
56.337029999999736,1743
706.2760799999993,1744
0.4987983537380166,1745
-1.5672364231443046,1746
3.6821836958744023,1747
-1050.0294899999974,1748
-2650.542399999995,1749
-901.0092099999974,1750
-0.8097883102158316,1751
-0.6415473883352266,1752
1.2706600843084743,1753
0.10625344815589281,1754
-0.020362065853229232,1755
-1.5892437599110796,1756
-2901.6945500000006,1757
-0.554099597273494,1758
-0.43734450062366487,1759
0.06254928689130902,1760
-1.1787624891983761,1761
-0.07857128130734431,1762
1.2514041510051892,1763
-5089.347739999994,1764
-0.4990274919257558,1765
2.3855511400499925,1766
-0.9979600099698965,1767
-23034.41480999999,1768
-885.7864500000013,1769
0.31015647235015115,1770
-8790.992539999996,1771
0.412356873951526,1772
-0.7005690530178557,1773
0.6616181820841297,1774
-0.9876516987496798,1775
-1.489112899824046,1776
-26772.87862000011,1777
-1.0410812636277633,1778
-0.816784963621363,1779
-0.36158389660607054,1780
-7329.594220000006,1781
-8078.746479999996,1782
-8217.76429,1783
-4207.22675,1784
0.35301165156071124,1785
0.8905554049037122,1786
-4.498488857650275,1787
-21519.09958000004,1788
23.38154996040478,1789
771.7927500000003,1790
-6744.8979,1791
-1.5377669956405202,1792
-14503.96615999999,1793
-5673.801260000001,1794
0.10962539638461549,1795
-18888.83505000001,1796
-1.9878565799701493,1797
-5727.424259999995,1798
0.25008229626689593,1799
-4031.966600000002,1800
0.024054607284502934,1801
0.5444801803919674,1802
2.0343278504195967,1803
4.084235486844388,1804
-0.12673955813686114,1805
-2293.113019999997,1806
1.891292132428773,1807
1.1863983891079142,1808
-5215.183589999989,1809
-3534.346870000007,1810
-0.988409239653535,1811
-0.14892704629302275,1812
0.9816477081607723,1813
0.31354425159952043,1814
-0.14869032357012113,1815
0.3728738484447161,1816
-4863.065809999991,1817
-0.2344327058574623,1818
1.3230129597709632,1819
152.57634999999988,1820
-0.31628067683357264,1821
-0.2618715943839834,1822
-3449.1815699999875,1823
0.8814412867603035,1824
-3809.4578599999954,1825
-8851.079200000006,1826
-0.3659864491061969,1827
-6098.97701999999,1828
1.2376610500708176,1829
-12833.531139999961,1830
0.6946575043198541,1831
0.7762564788600637,1832
2342.139014955812,1833
1.1725764097265414,1834
-41.78394196111165,1835
1.799212087869187,1836
2.42972255815079,1837
-1.763645161363543,1838
-33953.74027999993,1839
-0.2844881332819681,1840
0.9847170615082572,1841
-0.6992455108280273,1842
-7509.511960000002,1843
-3150.415430000005,1844
0.3238771921837176,1845
-0.27125219521117483,1846
-7128.257689999988,1847
1.7840053351847949,1848
0.5680090515914462,1849
-11643.663130000024,1850
1.79164234667564,1851
-12844.552479999997,1852
0.8099725197218919,1853
0.04360295086500271,1854
-0.7051734426175458,1855
-1894.26023,1856
-30.611929999999987,1857
-12925.796515887396,1858
-0.1340833772692932,1859
-0.1682879776145517,1860
-0.5246303144538408,1861
-0.46533669080059514,1862
-2931.686509999996,1863
0.8844608619462834,1864
-10937.975949999987,1865
-1557.9552799999985,1866
-0.9230638130624568,1867
-282.4513500000004,1868
-0.528674346104808,1869
0.69743944994701,1870
-0.29514328246811783,1871
0.4609860954565321,1872
-3875.22363,1873
-1.1209889057364166,1874
-8976.466159999998,1875
0.9410041250734553,1876
1.460803111971431,1877
-5923.819589999999,1878
-2759.244980000003,1879
0.0049694382064828825,1880
-0.16717838956498843,1881
0.3511902041046095,1882
-6740.362609999975,1883
0.9421205785540567,1884
0.7358055563772402,1885
0.5433470022036925,1886
-489.7634800000004,1887
-13563.594389999987,1888
1.4501263386767167,1889
-2654.501980000005,1890
-29773.729700000036,1891
-164.98342000000008,1892
-0.147966257711686,1893
-2170.967560000003,1894
-1.6546133409789152,1895
0.6230793939917653,1896
-7871.327430000002,1897
1.700610074112842,1898
-17300.902009999994,1899
-4568.5856,1900
914.7974200000019,1901
-0.7007586817039323,1902
1.1825309457265751,1903
-7626.360649999996,1904
-2213.7395000000006,1905
-0.42924205406329885,1906
0.4855167420847998,1907
-10959.074039999998,1908
0.11741149192820176,1909
1.6415022139059672,1910
-5662.4547399999965,1911
-0.8226845744122887,1912
0.7044686020820872,1913
0.4663810640053799,1914
0.6654569961938172,1915
-16790.55109000001,1916
-0.737066617954244,1917
-2502.0403199999987,1918
-7351.337630000023,1919
-0.2916111082374262,1920
0.6524108421925073,1921
-0.366445293143817,1922
-2621.7196031180015,1923
-1.251685613867656,1924
2.0118647365504043,1925
-0.29674239513007694,1926
-4766.01033,1927
3.242602641004304,1928
-6813.412270000013,1929
-3185.104580000002,1930
0.47014707710739706,1931
-1351.4801299999983,1932
0.992433148437319,1933
1.895678754769958,1934
2241.256743803984,1935
-0.39421538281095153,1936
0.21738660438002588,1937
1.888525169065149,1938
-7774.166649999991,1939
1.5078795497995252,1940
-5572.047670000005,1941
0.7426220753555475,1942
0.3653134980615774,1943
-0.5529130214071719,1944
-3528.1289400000014,1945
-14780.17354,1946
-0.1786786817264756,1947
-0.3001199799915977,1948
0.9148406676539865,1949
0.18212039437379385,1950
1.180234150440245,1951
-3628.124079999997,1952
0.5309006827907717,1953
-6566.911279999991,1954
-10369.781240000008,1955
1.7583450505946534,1956
0.7730268231444875,1957
-0.561144275570391,1958
-1.1063823873953949,1959
159.63735999999997,1960
198.37207000000026,1961
1425.9571200000012,1962
-2.988595234277398,1963
0.41739820527968596,1964
-0.5555974895116161,1965
-1.069799265053851,1966
1.6895612655433097,1967
-0.1049806484295409,1968
0.28736906818067426,1969
-3967.0751699999996,1970
-0.8311679776871921,1971
-0.911653258487691,1972
-0.09959244571357179,1973
-0.10466744850380875,1974
-4237.492029999989,1975
-12520.332028944365,1976
-12827.311940000007,1977
-0.6878869130607488,1978
-0.7224844988092045,1979
0.7637613499539663,1980
-14648.967440000017,1981
59.716834727982366,1982
-35583.678089999994,1983
-0.58425974598938,1984
-1.3066215682928495,1985
-0.8568435571727723,1986
0.5352093500406656,1987
-0.6907054366933589,1988
0.44780615468763707,1989
-0.7894264618355892,1990
-0.6248725774871909,1991
-1.7376687071098258,1992
0.3689637032272718,1993
-5811.637079999998,1994
0.4644882080996877,1995
1.4575698761286995,1996
-1020.7915800000004,1997
-0.26463594782082206,1998
0.019704138102785682,1999
0.9531017688299612,2000
0.3392482934936484,2001
-0.16800630739640987,2002
1.1543769903535237,2003
-1.6646720954068122,2004
0.026869222202091304,2005
0.10855149379045573,2006
0.5307564839322907,2007
-7460.855380000007,2008
65.08929709580828,2009
0.053524438869136416,2010
-37154.520900000025,2011
0.8705435029201911,2012
16.955635027002913,2013
25.907871876079284,2014
3.3713058239129525,2015
-87.39576000000037,2016
0.8672915045268863,2017
-3394.8201499999905,2018
-18658.635770000008,2019
-0.2205138226967365,2020
-15561.898859999998,2021
-10291.479599999973,2022
0.7896804992871205,2023
-0.017585259477659685,2024
116.43772000000025,2025
0.2917980657205177,2026
-1.3327009006417703,2027
-0.73023340351678,2028
-2.263809976136926,2029
-1603.7757299999994,2030
0.4685286875205095,2031
-5630.8602399999745,2032
-14233.992570000006,2033
-28840.018630000002,2034
0.4752951267672862,2035
0.8101716977902084,2036
-300.8191499999998,2037
0.15752701538417135,2038
1.1671715268817797,2039
0.11480333985062763,2040
0.16581224034302683,2041
-0.1637925385279057,2042
0.86345207917192,2043
0.25440153255326337,2044
-1.122810461456501,2045
-729.9662100000019,2046
1.1911645017543124,2047
-150.4022000000001,2048
346.26460000000014,2049
-2341.6154399999987,2050
-15.82284079747922,2051
-0.36190049402834373,2052
-0.5681701422928227,2053
-3883.9785599999987,2054
3.1274131253030824,2055
-13908.82816000002,2056
0.4140233310874221,2057
-24024.165030000022,2058
0.44220004271188995,2059
-0.27301863028392837,2060
0.027994198823380688,2061
0.49128303742731877,2062
-75.60720999999984,2063
-0.1291307882963395,2064
-10942.993710000006,2065
1.8038087119680224,2066
-5342.969350000004,2067
1.1882351455141154,2068
1.259569593680134,2069
0.3274097663312227,2070
-4893.248709999993,2071
-10125.56776000001,2072
-0.829752991622838,2073
1.423353137381774,2074
0.19777235617688457,2075
181.4960463899241,2076
-1.0946593285844919,2077
-0.9283440550617723,2078
1.927428017499273,2079
1.425142540781059,2080
0.26642286257998543,2081
-0.1791401150862897,2082
1.5735573956653952,2083
-1.24384279372643,2084
0.4826018131141365,2085
0.8401486970305959,2086
-0.36469791567318016,2087
0.23979351948745445,2088
-0.6603544625484677,2089
113.51356000000028,2090
-9680.774929999989,2091
-0.32746813459288415,2092
-143.50145623068454,2093
0.6015915175708634,2094
1.2137532505384154,2095
1.5075173329819453,2096
0.2208587912067519,2097
-0.6061452307508357,2098
0.057806142972443096,2099
0.532185751179755,2100
-0.6576523154244945,2101
-7240.908150000009,2102
-6090.472860000006,2103
-0.27022042705642785,2104
-4687.29030000001,2105
373.4454899999992,2106
0.48460324516833664,2107
0.9279532281425651,2108
-0.16938882035137715,2109
-11455.342840000016,2110
-11668.742470000008,2111
-1.4950938875713267,2112
-0.05768630349856094,2113
-13520.620599999991,2114
0.30981773903623955,2115
-15.526723536901516,2116
-2.0254849743063024,2117
2.200949402608934,2118
0.5153589159815958,2119
0.38399155443035615,2120
1.3663419348481334,2121
-0.46874162425710836,2122
0.6409189186509114,2123
-0.08899078293820653,2124
-12318.57917,2125
-434.3558200000006,2126
-1.1472184434592012,2127
-10348.852149999997,2128
1.5151735224241099,2129
0.07662354949535329,2130
-0.3474241838038108,2131
0.2615383854028232,2132
-0.4967061971493839,2133
0.6379081459649458,2134
-0.10403381656770995,2135
-9464.893429999998,2136
-14566.962030000019,2137
0.1572987489940113,2138
0.6306539369313143,2139
3.995325149840847,2140
-0.7169043161778226,2141
0.28280075937367377,2142
0.5999955163960656,2143
0.21196528714167537,2144
0.3958122971524457,2145
-0.3101524524616759,2146
-6827.712279999984,2147
-6214.332969999988,2148
-0.23396676776733935,2149
-701.4440900000012,2150
-10033.117769999993,2151
-3941.6132200000025,2152
-0.9103341824043157,2153
-30384.95494000002,2154
0.10006091294396058,2155
0.9900892365962783,2156
-0.5126196024349069,2157
-8612.437169999985,2158
-1.3998172785251581,2159
1.2568054663635841,2160
-0.716476861301999,2161
-0.5100324026587174,2162
23.43283559218291,2163
1.8391348189893173,2164
0.7463221874964476,2165
-0.4256182964911799,2166
1.1058694161022613,2167
-17298.54466999996,2168
-0.07212608909126096,2169
-0.6754819796134325,2170
-1.6114812407743746,2171
0.36136189856601225,2172
-1.7474993221519879,2173
-11268.18026999999,2174
0.6870391842428581,2175
0.4774995326395405,2176
-0.02328980685676597,2177
-0.8519351370972374,2178
-0.5517461385590889,2179
-1.030777981284618,2180
-0.9098055454012258,2181
-11998.74195999999,2182
-0.40594311294687624,2183
0.10530081788980623,2184
-3.8542664494082888,2185
0.5447926477943874,2186
-0.4191238368006273,2187
4512.541519999999,2188
-1778.6438399999959,2189
-0.21251279678569557,2190
-0.6440484406434934,2191
-8930.033469999995,2192
0.011303136389496156,2193
-3057.608059999999,2194
71.20829382234744,2195
1.8375165970269691,2196
-1.5992750452507403,2197
0.7915335211701767,2198
-0.7212628477023767,2199
1.3520750605212466,2200
-1553.4812699999989,2201
26.79036608619847,2202
-8568.585029999987,2203
-0.11076673346827266,2204
-0.3624207267272778,2205
-0.6566048175027961,2206
0.3947568593731032,2207
-15.21283130028379,2208
-0.07269900930851118,2209
-0.7824328049750671,2210
-0.11916711356034557,2211
-0.16112282608384063,2212
-8941.209809999995,2213
8.23004179637089,2214
0.6263361708248021,2215
1.0112360956674402,2216
-0.3121628160636349,2217
-1.0267126090934275,2218
-4740.866789999999,2219
0.4472645298564962,2220
-1.205767371481079,2221
-0.1104309092452819,2222
0.7060594673115328,2223
0.18635395560585813,2224
0.42132465867420865,2225
1.3630232979668868,2226
-5135.42127,2227
0.08660570840200504,2228
1.7919246120888324,2229
0.26115796809598285,2230
-2751.0600000000036,2231
0.2346680934548506,2232
-11898.537750000005,2233
-0.3659054028396764,2234
2.4395209163062446,2235
-25994.466950000013,2236
-1.2243927491160205,2237
1.6980557636915141,2238
1.816190636986643,2239
-1.1091066802019094,2240
-1.6368329784050557,2241
-637.2850599999996,2242
-0.793299681699937,2243
-0.43477403091176664,2244
0.5302387494813146,2245
0.3112035616119845,2246
1289.7447720720697,2247
-0.010998528194899573,2248
-4063.4399099999996,2249
0.4273939461928742,2250
0.3508501013408186,2251
-0.5680244612307984,2252
113.14458000000035,2253
-8228.822749999998,2254
0.903756352933727,2255
0.7102203272677217,2256
-17085.715610000014,2257
1.067202630790469,2258
-1.3560445036538906,2259
1.324936144132294,2260
0.4819548028869691,2261
-5242.337949999993,2262
-0.1927287223065199,2263
-0.03541366491761245,2264
-0.6840014595959407,2265
1.8243121784631484,2266
0.8463450026053247,2267
0.33208715522972115,2268
0.6896254846004443,2269
-0.9734334408250247,2270
0.36721916762253454,2271
0.47843047249520226,2272
2.344508903161795,2273
-35463.916235887365,2274
-0.34280528489964457,2275
-17319.182500000017,2276
0.107377204792078,2277
-8495.703599999992,2278
-2033.6424599999957,2279
0.7003701511047075,2280
-0.594806162717332,2281
-3457.6821799999934,2282
-0.38200472256049955,2283
-0.36942166473606686,2284
897.7514099999989,2285
0.17637114907558238,2286
-0.4144804286848424,2287
-0.1243243060365429,2288
1.5566131669895946,2289
-1262.9286500000014,2290
1686.5610300000003,2291
-0.25349616068998193,2292
-1.4011862572707316,2293
-0.5858505544996465,2294
-4740.5900599999995,2295
-0.44033597850201356,2296
0.5172534894474831,2297
0.2685057419776221,2298
-0.4866099908224386,2299
1.5935272571372527,2300
-210.3942600000001,2301
1.4511281329114887,2302
-204.93301620813352,2303
-13874.627519999985,2304
0.6655485024909664,2305
-3349.9689199999925,2306
0.34203599284554614,2307
0.01922566051295472,2308
0.488398357051551,2309
0.6561578938949392,2310
-3252.867700000003,2311
-7051.419720000014,2312
0.24096596579020008,2313
-1.7584951531549942,2314
-25062.289750000058,2315
1.0470491127546606,2316
-0.375456239165778,2317
-0.6545914697775375,2318
584.12035,2319
0.8837876339325231,2320
0.42411874390476734,2321
-0.008993522871469308,2322
-0.12252759692693013,2323
-0.7332334958754952,2324
-1.2896577927033757,2325
0.3403104845915429,2326
-4613.962489999996,2327
0.9418448362359985,2328
-1.3485970480031166,2329
-3.3621440317285343,2330
0.8043841299374117,2331
0.23818855318773902,2332
-0.21675909747560052,2333
-2198.9964600000008,2334
0.1754874405137117,2335
1986.0816999999968,2336
-20361.863049999985,2337
0.48547337696753606,2338
2.117519107337271,2339
2.727112607241833,2340
2.33945528920766,2341
-3758.991420000002,2342
-6463.070850000002,2343
-1.620511056088034,2344
-0.019564472266582263,2345
-9498.447589999994,2346
0.35087784671998845,2347
-0.703001630728749,2348
267.1498145252072,2349
-0.08537010146700409,2350
-17.925304967615187,2351
-9878.876389999985,2352
0.13812785117752752,2353
-1560.4363600000001,2354
0.0996336766923319,2355
-1795.741659999999,2356
-31278.61603999992,2357
1.3747980363776207,2358
-7948.549499999974,2359
-1.8940295309661943,2360
-0.4184634644574471,2361
0.04478004568440041,2362
-18261.564859999973,2363
-0.9049343693098542,2364
-0.11682789659735487,2365
1.4510210147437768,2366
0.3220815668923319,2367
1.8113397617151403,2368
0.22624906274457135,2369
-2541.7325199999973,2370
-3905.5841700000046,2371
-11602.070899999999,2372
2.8740622353608076,2373
-2.0157663346557584,2374
-8694.288000000006,2375
-1351.458670000001,2376
0.21099628572706655,2377
-1752.0908600000012,2378
-1.9075538126393532,2379
-0.40825229135627983,2380
0.6505021083231558,2381
-3024.6294499999985,2382
-0.5073465786413686,2383
0.4192589470161211,2384
-1.4779650857755624,2385
0.6014069689052846,2386
0.07936514794061623,2387
-1919.1944599999988,2388
-2610.9265918742253,2389
-7620.043679999991,2390
1.9037548287919506,2391
-18.097007976520782,2392
-1.3431488233011246,2393
-1228.1766100000036,2394
-9261.234919999986,2395
1.7825610927099154,2396
-0.5348589580645421,2397
-0.0742890184669033,2398
-0.04107230155296293,2399
-2.5591282953042187,2400
-20295.470890000077,2401
515.3773600000001,2402
0.5137771303080862,2403
-0.2619195603038662,2404
1.0892470117462065,2405
0.2773550941445634,2406
-0.14688534258366237,2407
-2.217648361927933,2408
-6960.496549999995,2409
2.365588660819388,2410
-4628.860389999999,2411
-4110.22204999999,2412
-0.776885046235348,2413
-0.2295087357004414,2414
-5832.091550000009,2415
-3992.7539099999844,2416
-0.07558093363606165,2417
0.19866310196220952,2418
-0.864553608999671,2419
-0.14129378764543687,2420
-0.19171854566547802,2421
0.7116330699316169,2422
0.011649359565275075,2423
-4073.104650000011,2424
0.8164955483434759,2425
1.9437072521622687,2426
0.47721830549616384,2427
-1.3202843716053152,2428
0.1278683971747802,2429
-0.28576508131971584,2430
-0.28060406178458697,2431
-9238.55073999999,2432
0.5439337448705875,2433
0.6158244087154029,2434
-3156.307350000004,2435
0.513318561343547,2436
0.26250264211190905,2437
-646.3387988229831,2438
0.9954404597594547,2439
-0.33623840127144117,2440
-1981.3822500000003,2441
-14124.067069999972,2442
0.9213470469385336,2443
0.5052270355379354,2444
-0.5857705570002368,2445
0.6848463681005889,2446
0.8439517046027125,2447
0.725389363833655,2448
0.9191910639009964,2449
-50.816798524826076,2450
-6082.631579999997,2451
-0.8641580166305862,2452
0.39155131410174676,2453
1.5389317623086176,2454
0.498643375520666,2455
-0.14700746533728298,2456
-0.5982667554725984,2457
-0.06117240076403217,2458
-0.3864549576443352,2459
-0.24764073579247883,2460
-0.12500223567852434,2461
-4539.839339999991,2462
-2340.9027500000007,2463
-0.9128696476584738,2464
2.3148699581438668,2465
0.9930265027151401,2466
-13105.896839999998,2467
1.4933778247863345,2468
0.9393305685564085,2469
-708.3590999999999,2470
-0.2200094449203392,2471
-5351.7282899999955,2472
0.33343014047973363,2473
0.25624106081906417,2474
-0.862282211877937,2475
-6.335847259750488,2476
9.191490000000128,2477
0.7049460478751475,2478
-14627.849440000013,2479
0.2067608130347767,2480
-14346.807629999983,2481
0.4155383378490253,2482
4008.0017300000027,2483
-3378.97381,2484
0.8223824880361846,2485
1.3788044982387644,2486
0.7194490629514505,2487
2.0945634812459737,2488
1.042332172520661,2489
0.028431455329306687,2490
0.7673894700092124,2491
1.2106181442658692,2492
-4279.9088900000015,2493
0.622624706705129,2494
-4448.002869999994,2495
2.590120903230615,2496
-35312.45298,2497
-34615.70379000003,2498
-0.6553407849134311,2499
-5753.271039999999,2500
-0.7563589679225406,2501
-0.6914579549824063,2502
-0.6268529337510798,2503
-15003.82098000001,2504
-13423.297220000006,2505
0.4941920440966986,2506
-0.2593730768688936,2507
-7177.4332399999985,2508
-9416.250369999996,2509
0.9041824296631824,2510
-2852.464710000007,2511
-0.8745834152634729,2512
-6114.45509,2513
-5033.5326199999945,2514
-1592.2819099999988,2515
0.7711967637020903,2516
-0.33075485463454396,2517
0.6603183160627248,2518
0.9246002010629759,2519
0.758774869750429,2520
-3947.8382800000013,2521
0.6767729472306654,2522
-0.6316881493790624,2523
-0.8648216027324339,2524
-1.34448346014822,2525
22.906099871483466,2526
-0.6173732528649022,2527
-0.9013652204882973,2528
596.1408999999995,2529
-0.28519356211625213,2530
0.07793941880127206,2531
0.8179031336440599,2532
-0.398404041117755,2533
1.1847341213603209,2534
0.3904013784178389,2535
2.1948413843604766,2536
-2544.9697600000004,2537
896.7466400000014,2538
1.0471532114199236,2539
61.59868000000008,2540
-23041.73883000003,2541
-1636.0282199999974,2542
0.016093853971442564,2543
-0.3141630457924627,2544
-12306.30171999996,2545
-3734.630279999994,2546
0.14868355204588474,2547
1.00809950654986,2548
-4382.774899999999,2549
-5863.759669999999,2550
0.17411562679830234,2551
-1.867921781226291,2552
0.3629035458225972,2553
-0.03176861893744106,2554
0.23614392868355555,2555
-15405.791689999973,2556
-2.445019175988515,2557
-1.15729814747278,2558
-4699.378999999995,2559
-0.07062306709810999,2560
-9721.5038,2561
-12692.766429999978,2562
-0.34477630676768406,2563
-6615.199379999976,2564
-0.4448287313968648,2565
-14098.981279999982,2566
-0.7907441114062849,2567
-10044.548229999997,2568
-197.76727596170878,2569
-0.651179767138227,2570
8.762188249560323,2571
1.2122578470947172,2572
1.2889833805327722,2573
0.7503681673119615,2574
-8035.059479999982,2575
1.5243531263071326,2576
-1.1177729712855962,2577
-619.3577699999994,2578
0.012466089692038367,2579
0.8422566066294754,2580
-0.24027239271233788,2581
-17457.382340000036,2582
1.1801462616327836,2583
596.9830199999984,2584
-4848.913059999995,2585
0.5406372235889867,2586
-0.6535448044307046,2587
-779.9256899999993,2588
0.04439637168623433,2589
-0.3493584505310656,2590
-0.7657091671173036,2591
-0.31139939181985526,2592
0.5939159583331071,2593
0.7274174933477633,2594
-3808.9156400000074,2595
-1.0560149630969027,2596
1.5173029102784192,2597
843.3206400000016,2598
-0.2030447801443861,2599
-10237.143369999982,2600
-0.9568574376172643,2601
0.7585308268656654,2602
-0.19235695519822724,2603
0.09233276482719063,2604
-2429.1641499999973,2605
1.6391891509270868,2606
-0.9108748366064714,2607
-10024.999779999987,2608
-0.06551923149803353,2609
-991.0717500000013,2610
0.9252692876311696,2611
882.6254800000004,2612
-14752.843989999994,2613
0.6908901828138652,2614
-1.0219177635813794,2615
27.77183419222928,2616
-15686.63568000001,2617
-0.5200803379760296,2618
-18130.90811999997,2619
0.7136994366069197,2620
-706.32921,2621
-3373.379870000003,2622
0.1932374139968268,2623
-1.2967179124707315,2624
-0.2555295258560842,2625
-11974.938589999994,2626
-4.031576260696009,2627
-28368.688349999986,2628
0.028192032761424485,2629
0.7832704069520622,2630
2.5488779663587504,2631
-0.4289062542853863,2632
0.13563228764507726,2633
0.10193969460327347,2634
0.7095726644130488,2635
0.21059667180914332,2636
-0.5480446947697972,2637
-3478.4361899999935,2638
-20527.128705937306,2639
-449.68347999999986,2640
-7415.0510100000065,2641
-1.128275127792366,2642
-24913.78128000007,2643
1.3087490026211204,2644
-0.7069072890637174,2645
-5906.085990000002,2646
-1124.8593800000021,2647
-0.4839067105043286,2648
1.0295354481518733,2649
-0.39035622197257003,2650
1.311569650587021,2651
1.092378889580254,2652
-924.9870200000006,2653
1.2822531513779787,2654
0.4221161096902977,2655
1.6372578038591505,2656
1.8934696419140398,2657
-20081.171480000055,2658
-37300.24921000002,2659
-1.1784407897769424,2660
-0.8788128158660847,2661
0.29260317608507214,2662
0.07403276411156295,2663
0.5050741590565833,2664
-10718.357649999993,2665
-2194.606149999996,2666
0.4222877549809808,2667
-1.1125268591466453,2668
1.1214439227540134,2669
-2621.695799999998,2670
-0.9141098666823212,2671
-8181.9001299999945,2672
-0.3458109445610483,2673
-858.0526600000005,2674
-5242.002970000003,2675
-1.1260035602344167,2676
0.9563664635882354,2677
-2271.1326800000015,2678
-4741.031800000003,2679
-20722.085449999966,2680
-1.6752015046111592,2681
397.69129705760133,2682
1.4326212305415449,2683
-0.14903928124377652,2684
1.4648200333710713,2685
-0.13379937824058535,2686
2.2116922097295006,2687
-1.9207076232708509,2688
-425.17884999999904,2689
-0.6306804067018212,2690
0.24133969936090313,2691
0.9543948655731057,2692
-0.03410523657174824,2693
-1126.7763599999998,2694
814.6640300000029,2695
-0.1532715509074758,2696
0.30997011325322443,2697
-4818.682970000007,2698
-7.927371922653136,2699
-1.6914591410592603,2700
-1.4523925456695592,2701
-1023.2878799999999,2702
0.11800224617961373,2703
-0.13394702642475562,2704
3.04867561702662,2705
-0.4844734429185608,2706
-174.25449999999984,2707
1261.2026406015393,2708
-0.024225844601547294,2709
0.6182787031530639,2710
2.778660128345588,2711
-0.11604663538346968,2712
-0.4338368918347303,2713
-5624.013919999997,2714
-3699.639700000004,2715
-7132.307529999995,2716
0.2841970673117353,2717
1.0007702249241104,2718
-4102.217840000001,2719
0.8680606311951712,2720
-0.1952747586066082,2721
1.2196223538943625,2722
0.8152977211867731,2723
-0.03806307709726456,2724
0.19568255995669984,2725
-11411.304339999991,2726
-1.4032667319703844,2727
0.8305600686153772,2728
-1.2858399761439105,2729
-4890.152110000001,2730
-0.11385785948190531,2731
-22808.43210000002,2732
1525.7583499999978,2733
-5317.169429999987,2734
-0.6067111064949211,2735
0.8437708294773636,2736
-1.3758845072050667,2737
-0.39503157972517833,2738
0.9094045407068546,2739
0.7170459886478902,2740
-0.4504797790812587,2741
52.231498387737624,2742
-8108.593070000011,2743
0.03308890176041417,2744
-0.6270688660818682,2745
0.4333652157335887,2746
-1.714595495763271,2747
1.285266088720758,2748
-8768.762399999996,2749
0.4697611425839362,2750
-0.1828686342831831,2751
-312.60908000000023,2752
-0.2616118470711,2753
-12974.62233000002,2754
-0.7958334121081551,2755
-2162.142340000002,2756
0.029080941237230838,2757
0.26013437946796286,2758
0.010287425810876306,2759
-0.5357621562189667,2760
-23.1413500000001,2761
-0.012205334330661354,2762
-6950.26703000001,2763
568.35986,2764
-1.010140840603877,2765
-7254.523350000008,2766
-7941.905019999985,2767
-1448.59558,2768
-0.08858975454911483,2769
0.6664874247336078,2770
23.10980757046631,2771
0.48229326548709217,2772
-23544.290630000054,2773
-0.28797116532767897,2774
-18181.508330000026,2775
-8834.644309999996,2776
1.5764220835701455,2777
-2369.86483,2778
-1.3139078098931156,2779
-0.5381106115412422,2780
1.015571958876894,2781
0.4365072958959307,2782
1.3379317577563408,2783
1.8065231131206665,2784
1.3402615275144256,2785
0.8663610720172666,2786
-7215.381590000002,2787
0.7906017095629592,2788
-0.8438747037102696,2789
-510.5113217724317,2790
-33918.15460999998,2791
0.43979896950172814,2792
-6514.992915248699,2793
3421.4139100000075,2794
1.7837444209775921,2795
0.023047797843863998,2796
-0.8292309546642044,2797
-0.9838006168710873,2798
-8794.08717000002,2799
0.11633257256285104,2800
-0.10500644753787576,2801
0.616170588194412,2802
-3756.738109999998,2803
-0.3656630826001623,2804
0.7592365127814126,2805
-0.11895838326254618,2806
-8391.863149999977,2807
1.8728437523868786,2808
19.377004993356554,2809
1.5048381220786375,2810
-17076.52032000002,2811
4538.26935,2812
-1.9378399390443555,2813
0.09930749048130505,2814
-0.7705201384173891,2815
-1887.8651100000006,2816
-18296.608340000028,2817
-0.4684964591076884,2818
0.08072993460406433,2819
1141.9466036865597,2820
0.35629498698211887,2821
-8123.353530000002,2822
-30347.55404000001,2823
-0.9553903814785476,2824
0.9311072712694779,2825
-0.288620042787678,2826
0.2672906036712611,2827
-2354.452339999995,2828
0.6751338987324086,2829
0.02839430153706257,2830
1.2604595479741107,2831
-1.332211095792883,2832
-2284.8726499999993,2833
-15.754723972799273,2834
-8894.338589999998,2835
0.42409149479431535,2836
-5.460976177652601,2837
1.496626225901829,2838
-0.4277760061774379,2839
-952.10056,2840
-6093.206309999994,2841
0.3071992463121173,2842
2.092616579284089,2843
0.40072006082900924,2844
-0.5199496000899972,2845
-1.1164116640307455,2846
-837.3537600000006,2847
0.7425699083086209,2848
-0.11722184229325021,2849
1636.1310000000021,2850
0.14059092485915484,2851
-0.2454509959999619,2852
0.8883794578771443,2853
-0.26031998840041504,2854
-0.8611629589488505,2855
-0.18591329238848342,2856
1.2100176280516741,2857
-153.98722,2858
0.5474549347633789,2859
-2770.233780000001,2860
0.14375801989566517,2861
-1.0475252067001053,2862
938.6030800000009,2863
-0.09191863468203441,2864
256.6689200000003,2865
0.7196101855471696,2866
-0.4887373379561185,2867
10.881724792242562,2868
-0.5568572617743971,2869
0.6057059927791919,2870
-6594.696300000002,2871
-0.30116110141724195,2872
-17273.396240000005,2873
-28476.835679999986,2874
-14900.765030000013,2875
-21904.490320000034,2876
-0.3245662330363434,2877
0.6255206060116604,2878
-100.08543999999992,2879
-0.2688617170846618,2880
-0.8147006668299097,2881
-254.7976386334573,2882
-0.26847635687217053,2883
-11673.736430000026,2884
0.6899414388566085,2885
-0.1324030861309814,2886
-9273.620819999984,2887
0.2779209129234761,2888
-391.95844999999923,2889
-3525.452490000006,2890
3410.3335200000056,2891
-0.7210033481539817,2892
-2.862889698018896,2893
0.8391864151775408,2894
0.6064560152039397,2895
-11604.07554999999,2896
1.394106934282367,2897
-37010.39768000007,2898
481.87502,2899
0.16415794956837568,2900
-0.7310499394824564,2901
0.2966191693785784,2902
-0.135076275701742,2903
0.8398680307217576,2904
-21216.023230000064,2905
0.7935303734880963,2906
-0.8242128037952626,2907
-16589.42302,2908
-0.1291925219027937,2909
-8252.460699999998,2910
-0.15056669797030944,2911
0.2863369137969894,2912
-1.019623171592743,2913
-5151.278599999986,2914
0.11087122946313523,2915
-0.5189922213818104,2916
-1.2947523171326625,2917
904.6534000000003,2918
-23818.218090000064,2919
-10419.845019999995,2920
0.39798224698829066,2921
-0.6055505228032007,2922
0.6616996278168736,2923
-0.9943944395580248,2924
-1.2458499846083853,2925
-0.03144888959481258,2926
-14317.956610000001,2927
-20957.16499000006,2928
-0.9435278928711563,2929
-5297.842159999995,2930
8.868249447643683,2931
1.349358486383159,2932
-290.7507,2933
-0.46622341356988656,2934
-4093.026549999999,2935
-3078.6755200000066,2936
0.23352606035165693,2937
-0.25474126935032765,2938
-684.6567100000009,2939
0.41004981646838656,2940
0.3191739972510591,2941
-4138.489249999999,2942
1.4277348374312528,2943
-2082.461950000002,2944
-106.34204000000071,2945
-1572.0170000000012,2946
-0.9514834297126227,2947
1.1987604528584759,2948
-1.2065928720341543,2949
-0.7444839885935881,2950
-0.9978537282809633,2951
-2946.6080099999967,2952
-0.1584673543207997,2953
-0.9227471598205881,2954
-19851.958370000026,2955
-0.7702734862921236,2956
5.317892064542807,2957
-1.9071734225971082,2958
-1855.420470000001,2959
-8391.860639999986,2960
-603.3687200000005,2961
0.806864425954505,2962
-0.38422448261869613,2963
-1.5461654380314416,2964
-0.8492433764407066,2965
0.13230122084338924,2966
-0.2971153466031748,2967
0.49599832936239135,2968
-0.6554055978641514,2969
4660.452480000001,2970
-0.10327350131800467,2971
-0.008598564638948498,2972
-6551.960250000002,2973
572.7075799999993,2974
-8159.899959999994,2975
-0.937259723998151,2976
0.11939776228511385,2977
-0.9313250287754272,2978
0.958436918044887,2979
0.9272330317190557,2980
0.814546326249138,2981
-0.10508401134542318,2982
0.547181267667157,2983
1.143991781687303,2984
-0.10199096487944045,2985
-0.2883787829588304,2986
1.0723138210055332,2987
-0.9280980364786843,2988
1.267158779937975,2989
-6875.7886600000065,2990
-0.5986059921904968,2991
-3.821565479503367,2992
-10748.462260000002,2993
0.5094351503837606,2994
0.28748377164588756,2995
0.14137290991962348,2996
2586.9285800000016,2997
-8210.346930000018,2998
0.4639253578238485,2999
0.38643285943468075,3000
-1.3438353818277093,3001
0.6073769285384671,3002
0.615443416823763,3003
-0.20932285138320877,3004
2.2525232264195916,3005
-0.3221182960615741,3006
-1.049566511612043,3007
1.1518963156699782,3008
-0.8269029892679673,3009
-2.052111451122306,3010
-0.7976418652213569,3011
-1.1334701941293164,3012
1.015913709365414,3013
0.07377627012949642,3014
-0.8904014077453309,3015
-2824.0902100000008,3016
-0.18970158790045047,3017
-0.7174694785687858,3018
1.1704856758213305,3019
0.23695803196511758,3020
-0.671778021394065,3021
68.36479000000001,3022
-0.1914894522519973,3023
0.3529426129587297,3024
-0.8570437304307432,3025
0.6317650162696332,3026
-3148.767289999993,3027
1.093585738304049,3028
98.96815951726364,3029
0.8794571156856404,3030
-0.022872616333724685,3031
0.15472884715546445,3032
-36.253684182989986,3033
-3246.776529999988,3034
-7175.631039999987,3035
0.4302989360454696,3036
-14219.406659999944,3037
-0.6473117740662634,3038
-0.4889472472609034,3039
-19528.78464000003,3040
-0.28982530867761697,3041
27.527470694803416,3042
-3894.3892700000024,3043
0.4596111617199113,3044
52.77395187983759,3045
-6388.39321,3046
-809.5250300000016,3047
0.4974161113707739,3048
-0.4243755827222756,3049
0.5812052605084261,3050
-7363.3772799999915,3051
-0.34267830557470996,3052
-0.7277376609041256,3053
-0.8061132857119023,3054
-7752.623060000006,3055
-6863.623719999995,3056
-1.0208261587841552,3057
-0.18155022688835934,3058
-26417.80851000005,3059
-7957.670369999997,3060
-930.9021100000022,3061
0.3172847000365302,3062
-5415.40095,3063
29.666812744191187,3064
-1.03070594381998,3065
-1.2308443611919204,3066
131.8976119748488,3067
-2489.2289800000012,3068
0.43020904798287707,3069
0.2046277914101289,3070
0.8135676914081766,3071
31.14155996280207,3072
-7038.944329999995,3073
-1.5067482880678142,3074
0.16440879468715291,3075
1.0792759871946767,3076
-1.6984372398095868,3077
-19065.917240000028,3078
-0.7934383062503947,3079
-0.4311724679569946,3080
-12.693463049241801,3081
-9775.794499999996,3082
0.48539815304419465,3083
471.52572999999956,3084
-0.12406130815967883,3085
0.676670524675801,3086
-2.9001608145189413,3087
0.3719881630500753,3088
-9256.205669999983,3089
-1.1583383536001486,3090
1.0035780278317725,3091
-0.5799740626143703,3092
-0.057704298941633286,3093
-8715.372000000005,3094
0.9291343391018635,3095
-5308.69156,3096
0.19648925001974166,3097
-714.7530763134403,3098
126.81098999999963,3099
1.3094092005366709,3100
-9873.909960000015,3101
-11354.955749999994,3102
-0.7075376993186703,3103
0.061505075700935066,3104
-1.3705125954615007,3105
-10417.557010000006,3106
1.8784273046876756,3107
-0.35753138971354387,3108
-3133.9426200000025,3109
-1.2806021517464325,3110
-10413.721100000017,3111
4.752475691688596e-4,3112
0.07648668463122218,3113
-1.2976638449110491,3114
-0.08556208224418362,3115
-0.6668104923939802,3116
0.15089218535932317,3117
1140.0742900000002,3118
0.8606426473373917,3119
2.003239806783688,3120
0.44924498944356345,3121
-0.22381650789961058,3122
-7526.313450000002,3123
-0.30271810188660087,3124
-16948.270280000008,3125
-0.06390912113016979,3126
-4456.767550000004,3127
-13382.26,3128
-35450.49630000006,3129
-1452.7907700000023,3130
-0.338036301129112,3131
-0.15421083506541858,3132
-6396.052679999997,3133
0.5661007863146561,3134
1.8172918326911662,3135
1.5645190857493159,3136
-4967.254959999993,3137
1.6071153226026254,3138
1.1439942611171994,3139
0.48427014198987134,3140
-0.503675619930056,3141
-9274.92266999999,3142
0.8094949155818706,3143
-7.6732498095766575,3144
0.9535639022658935,3145
-216.99259867935248,3146
0.8986577770517914,3147
0.08107955890235247,3148
-11848.293640000007,3149
-15963.366640000013,3150
0.39503296307130936,3151
1.7210121426904466,3152
62.906099999999796,3153
0.06477799046913511,3154
0.412368700778295,3155
-2242.7355399999988,3156
-13622.102439999977,3157
-0.05795001202874946,3158
0.44315723141705954,3159
-1913.8800099999958,3160
-0.21277814334532105,3161
0.7673103622282047,3162
1.126157916834965,3163
-0.03160131452877539,3164
0.3080025553412464,3165
-1.37256727911869,3166
-1009.33113,3167
0.9182287253922682,3168
-0.41641372237641,3169
0.861708770554201,3170
-0.6788868092380249,3171
-29258.81229872504,3172
-3491.4039199999993,3173
-4684.283650000005,3174
-1.8458586231508485,3175
-19876.72164000002,3176
-0.18373805594425824,3177
-0.22908041733321144,3178
-0.015292815837966768,3179
-1.168063369835993,3180
-3150.0949200000077,3181
2.9654995134689788,3182
-733.9490799999998,3183
-0.71396144230023,3184
-1.5681994103373365,3185
-4584.993279999999,3186
-0.5797896065570173,3187
-0.620048634772274,3188
-0.8638846191511325,3189
25.41903495050838,3190
-4457.345209999995,3191
-2185.679170000001,3192
-424.22785999999996,3193
0.40078164811926076,3194
1.2499606530325456,3195
1.0926515507305392,3196
0.6624795007132493,3197
0.9186463762812629,3198
-1.0160848236067332,3199
0.2000003084611923,3200
-0.31008344863534537,3201
-2.318114232245639,3202
-6342.62459000001,3203
-15022.567540000011,3204
-6924.862989999995,3205
0.8336246987272568,3206
-8022.069409999985,3207
-18534.879099999987,3208
-18770.87245,3209
1.2147909883748698,3210
-0.8253946920996794,3211
0.12939783777891342,3212
0.27443628225983846,3213
-17167.12878999998,3214
-22752.46876999999,3215
-17644.10066000001,3216
-13846.754020000026,3217
-9744.535320000008,3218
-12034.144259999995,3219
-29864.92892000002,3220
-12718.607470000015,3221
-21207.324689999994,3222
-17022.76016000001,3223
-7121.77998,3224
-28260.10453000007,3225
-6266.259830000006,3226
-1855.1222599999999,3227
-10951.197759999985,3228
-8756.31552999998,3229
-9198.937029999997,3230
-12361.226609999998,3231
-9710.624060000004,3232
-24280.386830000083,3233
-2478.9407699999983,3234
-1913.4066999999957,3235
-4670.857390000001,3236
-6465.712100000006,3237
2075.799749999996,3238
-2183.7455899999995,3239
-7364.915599999998,3240
-12860.346179999999,3241
-27348.64096000006,3242
-7042.812610000002,3243
-18762.482370000012,3244
641.3390200000011,3245
-6055.843830000009,3246
-8036.534889999977,3247
-7359.638040000005,3248
-18926.226499999993,3249
506.7213199999998,3250
-9085.072239999996,3251
2590.2241405100012,3252
-7182.387240000001,3253
-1849.5338499999975,3254
-3344.6290299999946,3255
-2521.696619999992,3256
-16517.592750000007,3257
-4027.3893799999946,3258
-20869.402120000017,3259
-12220.51305999999,3260
-8280.111139999994,3261
-22148.14187000003,3262
-16712.810970000028,3263
-4702.223089999994,3264
-6525.241889999993,3265
-22834.616989999973,3266
-8085.513210000009,3267
-13391.110590000015,3268
-20297.48249000004,3269
-11989.948130000004,3270
-9009.20196000001,3271
-241.17355000000046,3272
-2021.2508600000056,3273
-1044.6543400000014,3274
-16644.48265000001,3275
-3765.6889700000056,3276
-7736.630900000018,3277
-21175.014230000026,3278
-1026.9098500000016,3279
-4259.896620000006,3280
-9904.437449999976,3281
-21877.41573999999,3282
-4385.228089999998,3283
-7320.2891000000045,3284
1761.0777500000004,3285
-3422.519320000009,3286
-745.6254199999997,3287
-5510.25116,3288
-6235.704049999992,3289
-29996.684740000048,3290
-1095.0884479279318,3291
-6566.41647999999,3292
-12789.25669000002,3293
-26137.126710000077,3294
-5185.412560000002,3295
-5960.545970000005,3296
-16753.646850000034,3297
-13666.507460000004,3298
1299.463999999998,3299
-775.8204900000003,3300
-17732.49289,3301
-1391.2012100000027,3302
-9193.802620000019,3303
-6867.065620000013,3304
-10099.783249999991,3305
-4131.702509999984,3306
-5205.214789999997,3307
-28845.51566000003,3308
-14516.072399999988,3309
-1916.8466699999958,3310
-5765.782050000003,3311
-8830.882580000018,3312
-15214.746350000018,3313
-7475.7140599999975,3314
-3804.5681299999987,3315
61.824279999999995,3316
-7438.182379999993,3317
-10310.322740000003,3318
-5019.237129999997,3319
-4681.608300000001,3320
-4927.845029999997,3321
-2975.9459600000005,3322
-13314.542470000031,3323
-12083.53721999999,3324
-9812.65151,3325
-6925.803819999993,3326
-17691.749220000005,3327
1547.204299999999,3328
-4140.27292000001,3329
-29312.78718000002,3330
-28208.324800000035,3331
-18220.702309999975,3332
-7674.989999999998,3333
-7915.110980000005,3334
-2721.283580000004,3335
-7959.387539999991,3336
-8113.759939999987,3337
-13447.438480000013,3338
-28323.20157999997,3339
-27418.86400999999,3340
-13264.29124999999,3341
-7942.784229999974,3342
-12.695017053398505,3343
-4837.49440000001,3344
-471.0660830590708,3345
-21006.112699999987,3346
-13756.692819999962,3347
-5862.223789999993,3348
-21801.006030000055,3349
-3897.7930400000014,3350
-10526.865020000005,3351
-5727.82764,3352
-8115.035410000002,3353
-34320.705264128184,3354
-1860.4590499999972,3355
-2688.22567,3356
-2398.1523000000007,3357
-9687.629169999991,3358
-29686.80666000005,3359
-1532.9806800000028,3360
-29989.858100000103,3361
-10129.34871999999,3362
-1170.8177300000007,3363
-14227.150159999994,3364
-8587.755489999996,3365
-8840.266900000002,3366
-17610.998170000017,3367
-5192.8307399999985,3368
-543.3230000000002,3369
-1395.6693200000002,3370
-3391.7647000000015,3371
-15820.266050000013,3372
-1453.1665200000004,3373
-13654.256499999978,3374
-2378.125270000002,3375
-8378.168579999994,3376
-19191.235450000026,3377
-11759.073479999992,3378
-21222.464369999983,3379
-5353.634219999996,3380
-1722.17079,3381
-3469.3480500000014,3382
3231.7180757771516,3383
-19054.086230000034,3384
-21269.69235999999,3385
-11062.555540000003,3386
-7893.280189999978,3387
-20857.14670000001,3388
-19477.581649999964,3389
-6354.780130000005,3390
-33883.84296999996,3391
-12103.211789999961,3392
-3758.1100399999964,3393
-2868.3582900000033,3394
-6849.742229999991,3395
-13372.49972,3396
-7795.719679999991,3397
-1525.8009599999998,3398
-25700.218080000017,3399
-20315.15510000002,3400
-18225.79423999999,3401
-8782.67031000001,3402
-18048.120700000003,3403
-4234.710110000003,3404
1708.9562199999973,3405
-14768.843780000003,3406
3031.452208954208,3407
3238.799170000002,3408
-5633.111320000002,3409
-12657.35718000002,3410
-6563.18394,3411
-13058.137100000029,3412
-3415.023829999994,3413
-14986.835850000027,3414
-683.7423713529084,3415
-4435.7188600000045,3416
-13311.954110000008,3417
-23597.888520000015,3418
-8646.616289999982,3419
-4628.897489999996,3420
-9096.466849999988,3421
-17844.636880000035,3422
-20795.6369,3423
-13285.249060000013,3424
-5219.659500000002,3425
-18692.49597,3426
1065.229126805111,3427
-2517.098629999999,3428
-1817.1740399999944,3429
-15670.388090000026,3430
-9309.198529999994,3431
-19215.047480000005,3432
-23895.80794999998,3433
-1352.2681700000026,3434
-12537.530370000035,3435
275.42486999999994,3436
-8335.048419999981,3437
-21427.33999999999,3438
-5297.824240000009,3439
-24173.192100000007,3440
-2903.4721399999985,3441
-8529.395450000004,3442
-1660.85088,3443
-15398.549229999999,3444
-9385.557949999995,3445
-4564.646220000004,3446
-6181.567559999997,3447
-5558.270950000006,3448
-4283.442380000008,3449
-22583.46349999996,3450
-21125.236219999984,3451
-10365.138769999996,3452
-7855.2000400000015,3453
-1301.3918899999992,3454
-1626.1206200000017,3455
-26874.828940000058,3456
-12064.429730000009,3457
-4985.964879999998,3458
-20523.548540000007,3459
-2686.140439999994,3460
-20088.66676999998,3461
-11857.331579999982,3462
-20027.71588000003,3463
103.8730127997611,3464
-11759.925350000018,3465
-8499.255689999985,3466
-6570.247540000008,3467
-3249.8168900000023,3468
-11762.792610000017,3469
-7943.877469999994,3470
-1266.6103199999989,3471
-6635.950230000011,3472
-1035.157800000002,3473
-30091.425090000095,3474
-3266.1114300000017,3475
-7216.960460000012,3476
-192.89366999999964,3477
-3165.7949100000055,3478
-8235.56337000001,3479
1160.3077799999967,3480
-15545.356150000003,3481
-6266.301830000004,3482
-16792.25587999996,3483
-9147.840180000021,3484
-5284.323259999999,3485
-6243.040899999999,3486
-4386.797460000001,3487
-36868.752130000066,3488
-2626.188860000003,3489
-6911.232759999994,3490
-13641.061979999999,3491
-13083.965789999982,3492
-11671.549780000001,3493
-18070.05233999999,3494
-13466.465159999978,3495
-6845.158460000008,3496
-7396.753920000005,3497
-9819.733660000002,3498
-5229.51659,3499
-3931.6298400000023,3500
-15551.444460000002,3501
-3198.4397100000024,3502
-993.4135469155025,3503
-46.462530000000164,3504
-6285.45357999999,3505
-14108.00120000002,3506
-6988.4793099999915,3507
-8540.746319999997,3508
-6757.2843599999915,3509
-8480.353159999977,3510
-9463.927220000012,3511
-6469.249129999999,3512
-6161.8132199999945,3513
-9501.798270000007,3514
-2378.0939299999995,3515
-5567.7248199999995,3516
-13607.561189999982,3517
-8884.401970000012,3518
-28771.609109999987,3519
-5713.353680000008,3520
-3472.2534300000057,3521
-10553.903720000002,3522
-15892.995620000025,3523
-6528.402969999989,3524
-12065.813229999982,3525
-20014.40366000003,3526
-29509.579279999994,3527
-9666.666449999999,3528
-22344.423110000014,3529
-14340.837820000004,3530
-14802.81869999999,3531
-26456.636170000074,3532
-3898.994949999994,3533
-13924.445359999952,3534
-4328.681820000007,3535
-5448.014440000001,3536
-28767.526140000035,3537
-3809.611339999996,3538
-24410.73803000004,3539
-5788.156009999993,3540
-8146.755810000015,3541
-21123.334810000022,3542
-9695.5543,3543
-5323.397569999985,3544
-9105.982030000016,3545
-7814.46023,3546
-10527.615639999993,3547
-10813.495069999983,3548
-756.4211266931748,3549
-1.0206599999995998,3550
-6087.745059999988,3551
-584.9871500000005,3552
-5980.052529999978,3553
-1752.3329499999993,3554
-5651.644909999986,3555
-4342.418949999998,3556
-7348.038370000001,3557
-4850.647170000005,3558
-6700.835059999994,3559
-29367.055660000035,3560
-13955.261729999977,3561
-30586.970390000057,3562
-19350.549849999967,3563
-27547.363389999988,3564
-5659.528159999984,3565
-3893.011750000008,3566
-6385.01470000001,3567
-28381.47156999998,3568
-4408.929119999995,3569
-20496.027999999995,3570
4857.464420000004,3571
-12568.732420000015,3572
-19031.72958999999,3573
-8047.414740000012,3574
-14483.405069999999,3575
-12790.027129999999,3576
-6650.907820000018,3577
-7718.082969999995,3578
-11443.442090000013,3579
-3016.7781600000076,3580
-8646.876060000008,3581
126.98604000000013,3582
-8327.39370000001,3583
-23738.856420000055,3584
-13098.073089999989,3585
-24146.59573000004,3586
-17639.360559999997,3587
-28441.29457999996,3588
-8964.660350000015,3589
-12033.993199999983,3590
-6058.141240000004,3591
-5843.585469999994,3592
-1383.096319999999,3593
-11042.241369999992,3594
2069.369139999997,3595
-7236.515790000002,3596
484.6723959595332,3597
-4685.38384,3598
-13644.871999999988,3599
-21178.91030000001,3600
-7873.012049999987,3601
-22259.22110000001,3602
-3384.843189999997,3603
-18003.355099999997,3604
-11256.222399999984,3605
-8957.497090000008,3606
-2113.9434200000037,3607
-393.60975999999994,3608
-13081.657210000028,3609
-14249.164069999992,3610
-6467.363980000014,3611
-4847.029650000001,3612
-15607.032799999995,3613
-3751.2538299999924,3614
-841.5283580792491,3615
-33835.21224999994,3616
1436.6909099999943,3617
476.2486999999995,3618
-5666.635630000002,3619
-21778.913239999998,3620
-6342.985959999998,3621
-9547.698590000024,3622
-3133.295939999996,3623
-19630.96695999998,3624
-1141.9854000000016,3625
-8896.303740000005,3626
-7465.212189999995,3627
-3319.25144,3628
-20742.772850000045,3629
-5341.67606999999,3630
-8078.462320000003,3631
-5606.210750000001,3632
-16170.819650000007,3633
-13197.435720000018,3634
-13532.453700000051,3635
-6683.096529999998,3636
-17970.219919999996,3637
-13998.106670000006,3638
-30034.472569999987,3639
-945.2763000000015,3640
-4289.25399,3641
-8639.882480000006,3642
-9491.867550000008,3643
-3678.2867700000015,3644
-11777.310749999999,3645
-2833.4200300000007,3646
-2530.9036400000014,3647
-9892.788479999985,3648
-15062.036709999993,3649
-3859.815370000004,3650
-10221.621969999997,3651
-15434.934980000002,3652
-5311.812819999986,3653
-5175.42279,3654
-22762.50003000002,3655
-13339.296660000005,3656
-290.95062000000047,3657
-20010.770879999996,3658
-19073.202980000005,3659
-7472.008209999982,3660
-2498.4042899999986,3661
-17784.76521000003,3662
1335.9964599999994,3663
-13001.164920000023,3664
-14100.909959999994,3665
-5121.210050000011,3666
2851.9107799999997,3667
-17330.704180000026,3668
-1843.5318899999966,3669
-2521.3792399999993,3670
-2134.476909999999,3671
-7591.686620000007,3672
-7700.653309999996,3673
-16516.546940000004,3674
-13154.463250000004,3675
-427.4836000000006,3676
-13940.722929999982,3677
-3116.477869999998,3678
-11852.15588999999,3679
-17616.596070000014,3680
-18529.497310000002,3681
-20005.21566999999,3682
-25122.12342999998,3683
-8029.631049999973,3684
-4874.888659999999,3685
-11726.485900000025,3686
-9993.563589999994,3687
-10857.804039999977,3688
-11655.449160000024,3689
-13027.56652999998,3690
-18298.632639999985,3691
-23112.281759999983,3692
-6573.318849999996,3693
-13730.563359999998,3694
-36966.24457000015,3695
-26883.618070000026,3696
-8354.784010000007,3697
-1954.5359100000003,3698
-2207.2128000000025,3699
-13727.544450000027,3700
-6347.938080000003,3701
-6945.096170000011,3702
-17623.222419999995,3703
-6375.840930000007,3704
-12325.989100000012,3705
-13172.48951,3706
2391.4411499999974,3707
-5750.403200000004,3708
-12785.782919999972,3709
1137.0901699999984,3710
-24038.157900000002,3711
-7449.898000000002,3712
-18000.04154000003,3713
-22296.802819999997,3714
-19593.837839999975,3715
-4518.976049999996,3716
-15320.419060000006,3717
-7563.4886699999925,3718
-13777.460789999976,3719
-5833.148779999996,3720
-7966.96428999998,3721
-9327.53137999998,3722
-7200.824920000011,3723
-7514.594519999995,3724
-9319.819439999983,3725
510.33392999999944,3726
-14024.06818003162,3727
-23325.523020000004,3728
-9352.287720000011,3729
-3408.777520000007,3730
-6331.2868799999915,3731
-30604.437170000023,3732
-5071.536670000002,3733
-30082.527020000052,3734
-20960.17215000003,3735
-12259.71776999998,3736
-4140.886100000009,3737
-12815.743389999985,3738
-567.9854999999997,3739
1617.2643500000013,3740
-9779.745340000001,3741
-16553.78634000003,3742
-29927.694539999982,3743
-8954.713640000016,3744
-534.2647899999986,3745
-29605.447079999984,3746
-8772.699470000016,3747
-4040.6316899999924,3748
-6291.160059999999,3749
-12212.906609999996,3750
-13379.76237000001,3751
-4384.120449999995,3752
-11134.061600000006,3753
-7002.3985700000185,3754
-22772.765130000025,3755
-27577.945910000017,3756
-4613.921120000006,3757
-10958.223219999985,3758
-7051.2973699999975,3759
-13440.8609505641,3760
-13731.571929999991,3761
-8674.00794999999,3762
-12676.303960000037,3763
-7078.795809999985,3764
-2455.1959999999995,3765
-585.3560000000001,3766
-8626.278999999966,3767
-5140.8057200000085,3768
-20377.056449999975,3769
-6019.455470000004,3770
-5626.25539000002,3771
-7765.03211,3772
-12787.625099999997,3773
-4328.181049999993,3774
-5111.134190000014,3775
-17036.84991,3776
-5176.946530000002,3777
-7123.125699999997,3778
-6838.77100000001,3779
-16403.859290000037,3780
-4743.292169999995,3781
-4490.654030000007,3782
-7616.32624,3783
-2134.8886300000026,3784
1306.3419999999965,3785
-10558.112279999992,3786
-11633.982119999991,3787
-3711.8262199999954,3788
-9527.118879999995,3789
-9867.8647,3790
-35237.16453000002,3791
-5106.790180000008,3792
-15032.39102000003,3793
-1465.085250000004,3794
-2508.2436799999964,3795
-4265.423450000008,3796
-17405.60208000004,3797
-4298.645069999991,3798
-18987.776620000004,3799
-15384.213370000001,3800
-3338.293740000001,3801
-16186.448700000035,3802
-12165.631799999997,3803
-14687.89382999998,3804
-29663.084279999995,3805
-4008.0899100000092,3806
-1335.90929,3807
-10709.575019999998,3808
-1318.4616500000022,3809
-30601.460620000016,3810
-5871.175290000001,3811
-3892.2776399999984,3812
-14248.60442999999,3813
-34572.11490999998,3814
66.65290999999999,3815
-7868.790749999999,3816
-3943.969740000006,3817
-6440.938769999998,3818
